symbol,shares
1,9052004
A,4013279
AA,7970757
AACG,76682
AAL,43312642
AAME,27518
AAN,1776068
AAOI,3373447
AAON,1523578
AAP,2636967
AAPL,158143049
AAPL22,0
AAPL24,0
AAPL25,0
AAPL25A,0
AAPL26,0
AAPL27,0
AAPL29,0
AAPL29A,0
AAPL31,0
AAPL42,0
AAT,636073
AAWW,2370030
AAXJ,3907702
AAXN,4171120
AB,724384
ABB,6601063
ABBV,12373902
ABC,2534258
ABCB,2885703
ABDC,191462
ABEO,10634471
ABEOW,44562
ABEV,27736900
ABG,301686
ABIL,3211047
ABIO,272772
ABM,814502
ABMD,4933536
ABR,2340878
ABR$A,1275
ABR$B,400
ABR$C,211
ABT,8873035
ABTX,1360997
ABUS,2609142
AC,4839
ACA,509498
ACAD,12670878
ACAM,142204
ACAMU,1091
ACAMW,160044
ACB,31761159
ACBI,830612
ACC,1532680
ACCO,714403
ACEL,354536
ACEL.W,27960
ACER,359810
ACGL,8827021
ACGLO,109694
ACGLP,366832
ACH,59980
ACHC,4933542
ACHN,8807553
ACHV,15225713
ACIA,2275430
ACIU,1414556
ACIW,5300326
ACLS,1804460
ACM,2187156
ACMR,902231
ACN,4403002
ACNB,101958
ACOR,12842904
ACP,112237
ACRE,291295
ACRS,2888318
ACRX,4716207
ACST,19826683
ACT,8543
ACTG,925748
ACTT,1112793
ACTTU,15432
ACTTW,81332
ACV,42710
ACWI,8219095
ACWX,4427263
ADAP,2929825
ADBE,20159247
ADC,854599
ADES,1204876
ADI,16228422
ADIL,684022
ADILW,9987
ADM,6171690
ADMA,3830953
ADMP,3877260
ADMS,5611584
ADNT,2266514
ADP,17044436
ADPT,6364969
ADRA,9800
ADRD,12321
ADRE,29732
ADRO,4320887
ADRU,5611
ADS,2623374
ADSK,10458577
ADSW,1146751
ADT,2306601
ADTN,2271034
ADUS,1395773
ADVM,10267020
ADX,150240
ADXS,37441700
AEB,3862
AEE,4137353
AEFC,76448
AEG,2707920
AEGN,1039048
AEH,15184
AEHR,266304
AEIS,2380264
AEL,1072030
AEL$A,98155
AEM,2398347
AEMD,1892903
AEO,12295956
AEP,5703929
AEP$B,21391
AER,2367116
AERI,6079531
AES,11437230
AESE,210734
AEY,333506
AEYE,98205
AEZS,515417
AFB,43895
AFC,5193
AFG,746436
AFGB,8222
AFGC,47012
AFGE,8833
AFGH,5690
AFH,305482
AFI,236412
AFIN,5434306
AFINP,451803
AFL,7080189
AFMD,6443338
AFT,48151
AFYA,732965
AG,8686513
AGBA,78400
AGBAR,0
AGBAU,1500
AGBAW,20001
AGCO,1438018
AGD,50219
AGEN,6911604
AGFS,293197
AGFSW,85508
AGI,3605545
AGIO,6283809
AGLE,409013
AGM,116020
AGM$A,10
AGM$C,250
AGM$D,1420
AGM.A,281
AGMH,79936
AGN,3603638
AGNC,25721062
AGNCM,166395
AGNCN,88491
AGNCO,281588
AGND,3526
AGO,1739565
AGO$B,854
AGO$E,2725
AGO$F,587
AGR,815798
AGRO,681053
AGRX,6408582
AGS,654485
AGTC,1321088
AGX,335152
AGYS,1170972
AGZD,24005
AHC,42085
AHCO,533687
AHCOW,19022
AHH,767134
AHH$A,425
AHL$C,7764
AHL$D,8287
AHL$E,45710
AHPI,61535
AHT,714284
AHT$D,1677
AHT$F,3886
AHT$G,6852
AHT$H,9030
AHT$I,12510
AI,590397
AI$B,0
AI$C,978
AIA,204574
AIC,1311
AIF,46177
AIG,10332931
AIG$A,7274
AIG.W,101979
AIH,522814
AIHS,1523464
AIMC,2391527
AIMT,5537306
AIN,396043
AINV,3327423
AIO,95774
AIQ,31717
AIR,431332
AIRG,354314
AIRR,18470
AIRT,9595
AIRTP,86592
AIRTW,297012
AIT,405949
AIV,3547617
AIW,1326
AIZ,1232966
AIZP,1090
AJG,1775599
AJRD,894131
AJX,160236
AJXA,8144
AKAM,11485045
AKBA,7997302
AKCA,2539744
AKER,846603
AKO.A,13072
AKO.B,10981
AKR,1108938
AKRO,1294392
AKRX,14569524
AKS,24091043
AKTS,2026615
AKTX,2244786
AL,1261541
AL$A,5264
ALAC,58886
ALACR,157579
ALACU,5974
ALACW,11620
ALB,3652258
ALBO,599527
ALC,2478115
ALCO,205188
ALDX,2164141
ALE,547218
ALEC,3804229
ALEX,612242
ALG,163652
ALGN,5148833
ALGR,320569
ALGRR,30252
ALGRU,5078
ALGRW,245003
ALGT,1090311
ALIM,308051
ALJJ,147304
ALK,2869137
ALKS,10598113
ALL,4097742
ALL$A,14621
ALL$B,31720
ALL$G,20811
ALL$H,161295
ALL$I,102126
ALLE,1454092
ALLK,3837686
ALLO,6518342
ALLT,557762
ALLY,6477043
ALLY$A,109683
ALNA,1420521
ALNY,5356986
ALOT,456435
ALP$Q,5180
ALPN,67125
ALRM,2816801
ALRN,1348700
ALRS,802141
ALSK,474278
ALSN,2143311
ALT,487334
ALTM,2831732
ALTR,2602026
ALTY,35852
ALUS.U,329039
ALV,838884
ALX,28011
ALXN,15390863
ALYA,107706
AM,15462450
AMAG,4381559
AMAL,578100
AMAT,46158390
AMBA,4260905
AMBC,2138455
AMBCW,43450
AMC,5915929
AMCA,2555
AMCI,165577
AMCIU,2022
AMCIW,131700
AMCR,8132525
AMCX,5288714
AMD,203954273
AME,2375980
AMED,2001881
AMEH,1468940
AMG,2331867
AMGN,17764327
AMH,3160854
AMH$D,10978
AMH$E,3589
AMH$F,1802
AMH$G,22841
AMH$H,1777
AMHCU,314102
AMK,308317
AMKR,6382831
AMN,443598
AMNB,152985
AMOT,235871
AMOV,4946
AMP,2640650
AMPH,2508972
AMPY,500863
AMRB,43406
AMRC,190650
AMRH,449504
AMRHW,1317
AMRK,73730
AMRN,42090623
AMRS,8062864
AMRX,11260711
AMSC,1453273
AMSF,802667
AMSWA,643568
AMT,4347741
AMTB,593225
AMTBB,48716
AMTD,25677729
AMTX,147825
AMWD,1201477
AMX,6397291
AMZN,18749205
AN,1333256
ANAB,5490227
ANAT,303196
ANCN,120053
ANDA,52421
ANDAR,12400
ANDAU,994
ANDAW,3000
ANDE,2063072
ANET,2178560
ANF,5514694
ANFI,118176
ANGI,10402206
ANGL,340616
ANGO,2466157
ANH,813875
ANH$A,3305
ANH$B,100
ANH$C,979
ANIK,1452700
ANIP,1068806
ANIX,301995
ANSS,6023466
ANTE,69488
ANTM,3876320
ANY,348992
AOBC,5959503
AOD,218170
AON,2549328
AOS,3792149
AOSL,666862
AP,19248
APA,21430042
APAM,818290
APD,2224774
APDN,973680
APEI,1080603
APEN,64192
APEX,71118
APH,2245361
APHA,5387181
APLE,3052383
APLS,7745352
APLT,1180175
APM,30713
APO,3642264
APO$A,5658
APO$B,8560
APOG,2276466
APOP,99443
APOPW,7548
APPF,1033772
APPN,3634665
APPS,13308543
APRE,1502644
APRN,517270
APTO,7539237
APTS,433002
APTV,2841924
APTX,1250609
APVO,1325387
APWC,28751
APXT,47477
APXTU,45791
APXTW,34519
APY,1619688
APYX,536788
AQB,232133
AQMS,8575487
AQN,995949
AQNA,27269
AQNB,4647
AQST,8558260
AQUA,1110849
AR,24682297
ARA,255040
ARAV,1991496
ARAY,2164169
ARC,146492
ARCB,1712181
ARCC,8543545
ARCE,795537
ARCH,662006
ARCO,1031739
ARCT,538500
ARD,230509
ARDC,47483
ARDS,176346
ARDX,9343696
ARE,1742341
AREC,413782
ARES,704569
ARES$A,5124
ARGD,1328
ARGO,322972
ARGX,1134161
ARI,2026180
ARKR,9532
ARL,4116
ARLO,1522737
ARLP,3700402
ARMK,2665285
ARNA,3419979
ARNC,4645434
AROC,2082717
AROW,227729
ARPO,684558
ARQL,34454360
ARR,1031433
ARR$B,79960
ARTL,307698
ARTLW,18156
ARTNA,82943
ARTW,45753
ARTX,321767
ARVN,2985530
ARW,1056165
ARWR,25401966
ARYA,59829
ARYAU,500
ARYAW,24848
ASA,137214
ASB,2410876
ASB$C,134
ASB$D,1300
ASB$E,2752
ASC,319596
ASET,2556
ASFI,19753
ASG,107526
ASGN,571286
ASH,1719676
ASIX,319023
ASLN,10746832
ASMB,5062351
ASML,4097000
ASNA,10621733
ASND,1355874
ASPN,41077
ASPS,764588
ASPU,619444
ASR,192382
ASRT,16232515
ASRV,44711
ASRVP,4113
ASTC,189926
ASTE,1351578
ASUR,876031
ASX,814286
ASYS,238957
AT,232173
ATAX,494434
ATEC,2245990
ATEN,380548
ATEX,722392
ATGE,991102
ATH,3038994
ATH$A,75978
ATH$B,10789
ATHE,82155
ATHM,2212826
ATHX,3365406
ATI,2626384
ATIF,173294
ATKR,661849
ATLC,38360
ATLO,85758
ATNI,633258
ATNX,9939643
ATO,2480617
ATOM,229620
ATOS,255158
ATR,577458
ATRA,5245854
ATRC,1506610
ATRI,68849
ATRO,2494225
ATRS,7343333
ATSG,2317755
ATTO,54735
ATUS,9550981
ATV,2259
ATVI,35546630
ATXI,208014
AU,8920506
AUB,2230481
AUBN,29104
AUDC,1341373
AUPH,28194626
AUTL,1171052
AUTO,41393
AUY,24920112
AVA,521846
AVAL,298808
AVAV,1752227
AVB,1839636
AVCO,1087251
AVD,232170
AVDL,3423130
AVEO,5002736
AVGO,17866757
AVGOP,46936
AVGR,497254
AVH,197653
AVID,1222434
AVK,76795
AVLR,1590616
AVNS,612368
AVNW,61241
AVP,10106751
AVRO,1614139
AVT,6390804
AVTR,8551642
AVTR$A,11161
AVX,718447
AVXL,3846938
AVY,1472491
AVYA,7138116
AWF,183316
AWI,745503
AWK,2103503
AWP,387304
AWR,445386
AWRE,37258
AX,591705
AXAS,11734172
AXDX,1190904
AXE,1483394
AXGN,2583749
AXGT,1132858
AXL,3130883
AXLA,772119
AXNX,4082727
AXO,173
AXP,7899136
AXR,6928
AXS,1254411
AXS$D,12639
AXS$E,8963
AXSM,11695193
AXTA,4952044
AXTI,1063377
AY,1946533
AYI,879713
AYR,752703
AYTU,818903
AYX,4949634
AZN,7444508
AZO,739886
AZPN,2842857
AZRE,110730
AZRX,1226380
AZUL,1466904
AZZ,463344
B,297117
BA,11788742
BABA,29212839
BAC,82628548
BAC$A,49536
BAC$B,79310
BAC$C,46499
BAC$E,13991
BAC$K,11196
BAC$L,1658
BAC$M,90626
BAC$N,62658
BAC$Y,87243
BAF,17411
BAH,2844438
BAK,561698
BAM,2918156
BANC,729363
BANC$D,939
BANC$E,1809
BAND,1867407
BANF,514511
BANFP,6060
BANR,2600911
BANX,75649
BAP,579430
BASI,294304
BATRA,323063
BATRK,637632
BAX,5653869
BB,11847124
BBAR,3448279
BBBY,30612051
BBCP,647722
BBD,32793836
BBDC,142819
BBDO,11333
BBF,32512
BBGI,135544
BBH,104922
BBI,468459
BBIO,4585085
BBK,31366
BBL,2325399
BBN,83604
BBQ,72058
BBSI,290842
BBT,5423988
BBT$F,5069
BBT$G,3854
BBT$H,3720
BBU,54467
BBVA,13918263
BBW,372034
BBX,239005
BBY,7375824
BC,2576201
BC$A,2201
BC$B,7532
BC$C,17832
BCBP,236552
BCC,553053
BCDA,45917
BCDAW,1317
BCE,1346031
BCEI,599681
BCEL,1428740
BCH,305997
BCLI,630263
BCML,326271
BCO,491750
BCOM,72344
BCOR,2708706
BCOV,1089796
BCOW,19777
BCPC,1097275
BCRH,33185
BCRX,17737663
BCS,10848075
BCSF,468429
BCTF,12318
BCX,259285
BCYC,149667
BDC,530495
BDGE,425742
BDJ,283443
BDN,3811703
BDSI,9656712
BDX,3095892
BDXA,77731
BE,6885055
BEAT,1859401
BECN,3854425
BEDU,66493
BELFA,25655
BELFB,681698
BEN,9479786
BEP,259424
BERY,2910444
BEST,3343856
BF.A,51781
BF.B,2449434
BFAM,633529
BFC,134215
BFIN,221564
BFIT,6093
BFK,47307
BFO,19721
BFRA,470
BFS,78239
BFS$D,2942
BFS$E,1425
BFST,148301
BFY,13101
BFZ,56908
BG,1899035
BGB,169398
BGCP,9763082
BGFV,585408
BGG,1765956
BGH,54428
BGIO,40748
BGNE,3243013
BGR,183718
BGRN,14075
BGS,1753919
BGSF,74458
BGT,77379
BGX,49324
BGY,191685
BH,27969
BH.A,747
BHAT,708893
BHC,9019700
BHE,518506
BHF,11387892
BHFAL,158347
BHFAP,301805
BHK,69557
BHLB,307440
BHP,5804983
BHR,247885
BHR$B,6728
BHR$D,357
BHTG,103692
BHV,733
BHVN,1562754
BIB,1091825
BICK,6654
BIDU,21761975
BIF,99208
BIG,5590747
BIIB,15302310
BILI,17420782
BILL,1456190
BIMI,1748241
BIO,676329
BIO.B,21939
BIOC,28497436
BIOL,630920
BIOS,6477817
BIP,402140
BIS,607120
BIT,211456
BITA,734118
BJ,3238381
BJK,22581
BJRI,2558746
BK,6929612
BK$C,17168
BKCC,3977244
BKD,2240441
BKE,970317
BKEP,688127
BKEPP,277877
BKH,711397
BKI,2048358
BKK,86931
BKN,18864
BKNG,2042800
BKNG22,0
BKNG22A,0
BKNG24,0
BKNG27,0
BKR,9511652
BKSC,52194
BKT,173830
BKU,1233818
BKYI,104534
BL,2694908
BLBD,748336
BLCM,4237078
BLCN,38761
BLD,641716
BLDP,6825498
BLDR,7722895
BLE,23795
BLFS,814022
BLIN,469194
BLK,1049742
BLKB,2179678
BLL,6186674
BLMN,7108529
BLNK,646382
BLNKW,217813
BLPH,4149231
BLRX,1697304
BLU,741583
BLUE,9689307
BLW,86183
BLX,111881
BMA,1688065
BMCH,2374324
BME,23560
BMI,385760
BML$G,6564
BML$H,36131
BML$J,22920
BML$L,14784
BMLP,11963
BMO,1248459
BMRA,62384
BMRC,258142
BMRN,9422482
BMTC,477491
BMY,34861712
BMY.R,9293661
BND,9677549
BNDW,99690
BNDX,5523599
BNED,813317
BNFT,2872607
BNGO,11398257
BNGOW,355905
BNS,2084545
BNSO,17238
BNTC,87146
BNTCW,6903
BNTX,949039
BNY,24461
BOCH,166179
BOE,177287
BOH,456220
BOKF,1145085
BOKFL,44519
BOLD,13464923
BOMN,347954
BOOM,2208828
BOOT,1408106
BORR,73868
BOSC,50299
BOTJ,8501
BOTZ,2606568
BOX,2480925
BOXL,635426
BP,15790263
BPFH,4580490
BPMC,3595902
BPMP,561351
BPOP,4159716
BPOPM,20383
BPOPN,29059
BPR,8028085
BPRAP,203531
BPRN,121716
BPT,171516
BPTH,542777
BPY,4327134
BPYPO,193253
BPYPP,120569
BQH,20272
BR,1324718
BRBR,1204018
BRC,424617
BREW,1501312
BRFS,5651761
BRID,56208
BRK.A,0
BRK.B,7263396
BRKL,2774300
BRKR,3686537
BRKS,4637793
BRMK,2244590
BRO,4193863
BROG,674667
BROGR,1949990
BROGU,100
BROGW,1513395
BRP,4005159
BRPA,1310
BRPAR,56798
BRPAU,305
BRPAW,5094
BRPM,1023791
BRPM.U,56
BRPM.W,165548
BRQS,0
BRT,54530
BRX,4548573
BRY,6944287
BSA,2623
BSAC,1029456
BSAE,305
BSBE,67
BSBR,3071069
BSCE,17
BSCK,20196
BSCL,11181
BSCM,5846
BSCN,18060
BSCO,33715
BSCP,8181
BSCQ,1046
BSCR,1515
BSCS,47
BSCT,10
BSD,17625
BSDE,155
BSE,23314
BSET,373250
BSGM,418258
BSIG,989351
BSJK,26062
BSJL,28255
BSJM,5306
BSJN,2941
BSJO,23471
BSJP,1749
BSJQ,4721
BSJR,3981
BSL,47556
BSM,545169
BSML,6046
BSMM,12520
BSMN,6083
BSMO,1685
BSMP,3707
BSMQ,8202
BSMR,2474
BSMS,12427
BSMT,7610
BSMX,956253
BSQR,131087
BSRR,280545
BST,64159
BSTC,296504
BSTZ,156688
BSVN,93357
BSX,13595708
BTA,44182
BTAI,1319701
BTE,3220193
BTEC,13764
BTI,4500902
BTO,22734
BTT,44044
BTU,4357661
BTZ,662122
BUD,3322751
BUG,19045
BUI,34394
BURG,133998
BURL,1808010
BUSE,1112431
BV,326761
BVN,2787730
BVSN,114891
BVXV,187891
BVXVW,32459
BW,219541
BWA,3279229
BWAY,61302
BWB,559649
BWEN,148538
BWFG,79675
BWG,44888
BWMC,93642
BWMCU,8966
BWMCW,237584
BWXT,977018
BX,6960806
BXC,504052
BXG,87442
BXMT,1274001
BXMX,86665
BXP,1806066
BXP$B,1866
BXRX,632550
BXS,820770
BXS$A,162108
BY,135424
BYD,1856905
BYFC,30306
BYM,29906
BYND,25385829
BYSI,670447
BZH,587819
BZM,2130
BZUN,8377579
C,23830521
C$J,48846
C$K,66764
C$N,85740
C$S,27271
CAAP,816698
CAAS,1159723
CABA,1257835
CABO,56681
CAC,493163
CACC,938956
CACG,13600
CACI,267497
CADE,3130934
CAE,409563
CAF,61533
CAG,11947102
CAH,5883606
CAI,229997
CAI$A,3285
CAI$B,2451
CAJ,368427
CAKE,5643097
CAL,961557
CALA,2396254
CALM,2006902
CALX,222014
CAMP,3551626
CAMT,347066
CAN,2264285
CANG,22159
CAPL,78154
CAPR,877330
CAR,7519755
CARA,7516827
CARB,2608732
CARE,503831
CARG,5935459
CARO,1143829
CARS,1235214
CART,71720
CARV,187608
CARZ,11957
CASA,3640886
CASH,1970822
CASI,607701
CASS,380005
CASY,2757792
CAT,7318897
CATB,589792
CATC,201381
CATH,30826
CATM,3267825
CATO,248804
CATS,573886
CATY,2844336
CB,3162218
CBAN,73726
CBAT,606057
CBAY,11024273
CBB,1960085
CBB$B,21916
CBD,1705819
CBFV,54179
CBH,43367
CBIO,5198955
CBL,5432252
CBL$D,225289
CBL$E,79356
CBLI,126751
CBM,48248
CBMB,32092
CBMG,559516
CBNK,134250
CBPO,610247
CBPX,820176
CBRE,3423408
CBRL,3613485
CBS,4114157
CBS.A,10621
CBSH,4155000
CBSHP,26187
CBT,687265
CBTX,477186
CBU,474953
CBZ,359962
CC,6672373
CCB,104608
CCBG,377841
CCC,3683951
CCCL,4456831
CCD,151833
CCEP,2279117
CCH,9247
CCH.U,367
CCH.W,500
CCI,5378063
CCI$A,2880
CCJ,4285324
CCK,3538100
CCL,12496080
CCLP,400530
CCM,1049
CCMP,6399152
CCNE,196508
CCO,3741530
CCOI,2615378
CCR,71063
CCRC,16106
CCRN,1958571
CCS,676019
CCU,659848
CCX,106037
CCX.U,5000
CCX.W,7500
CCXI,4914393
CCZ,49
CDAY,1970244
CDC,48797
CDE,9938748
CDEV,34363678
CDK,6108728
CDL,24891
CDLX,3451529
CDMO,3989607
CDMOP,18880
CDNA,5285506
CDNS,14745746
CDR,374704
CDR$B,1031
CDR$C,748
CDTX,1336373
CDW,9572899
CDXC,2016005
CDXS,2280853
CDZI,2320697
CE,2531374
CEA,17281
CECE,555834
CECO,4300791
CEE,8046
CEIX,839784
CEL,34791
CELC,118364
CELG.R,40806
CELH,2092953
CELP,17916
CEM,870420
CEMI,165611
CEN,823019
CENT,704918
CENTA,2941616
CENX,7996464
CEO,196926
CEPU,650190
CEQP,912768
CEQP$,396120
CERC,788078
CERN,13903675
CERS,5825830
CETV,2831079
CETX,536011
CETXP,154251
CETXW,115537
CEVA,1197585
CEY,20466
CEZ,15234
CF,6109897
CFA,62817
CFB,616477
CFBI,23899
CFBK,40363
CFFA,58004
CFFAU,19642
CFFAW,48323
CFFI,49690
CFFN,3214075
CFG,8049655
CFG$D,7595
CFG$E,134596
CFMS,1948979
CFO,122474
CFR,1158208
CFR$A,8588
CFRX,10812931
CFX,3480433
CFXA,15596
CG,5690639
CGA,23040
CGBD,3731162
CGC,8947531
CGEN,1876118
CGIX,1504093
CGNX,8353172
CGO,111315
CHA,133409
CHAP,303797
CHCI,14386
CHCO,807346
CHCT,349887
CHD,4077956
CHDN,1926403
CHE,159203
CHEF,1747574
CHEK,304796
CHEKW,67821
CHEKZ,178946
CHFS,725895
CHGG,1783126
CHH,1616028
CHI,473207
CHK,79347519
CHK$D,10741
CHKP,5727814
CHKR,59526
CHL,2473915
CHMA,2373505
CHMG,82688
CHMI,182852
CHMI$A,400
CHMI$B,1307
CHN,25383
CHNA,13294
CHNG,5960625
CHNGU,40844
CHNR,48394
CHPMU,209403
CHRA,21943
CHRS,7913791
CHRW,9530543
CHS,5970083
CHSCL,132190
CHSCM,113223
CHSCN,97002
CHSCO,155854
CHSCP,103110
CHT,108259
CHTR,9534479
CHU,544963
CHUY,857593
CHW,518798
CHWY,7511184
CHY,573570
CI,4749069
CIA,81141
CIB,751688
CIBR,460934
CID,35052
CIDM,109087
CIEN,11535828
CIF,34290
CIFS,1276544
CIG,8233412
CIG.C,2465
CIGI,223307
CIH,2314077
CII,45870
CIICU,2459828
CIL,8891
CIM,2314794
CIM$A,21906
CIM$B,6387
CIM$C,7026
CIM$D,11453
CINF,6224689
CINR,22615
CIO,643716
CIO$A,85355
CIR,229354
CISN,940345
CIT,2557283
CIT$B,29402
CIVB,379287
CIVBP,11216
CIZ,20473
CIZN,17778
CJJD,1861770
CKH,311720
CKPT,1357449
CL,8864459
CLAR,805192
CLB,2054964
CLBK,1773247
CLBS,129098
CLCT,645183
CLDB,20603
CLDR,12380262
CLDT,323478
CLDX,667227
CLF,24799105
CLFD,128492
CLGN,51955
CLGX,1012907
CLH,886249
CLI,1313977
CLIR,477772
CLLS,1055103
CLMT,1370139
CLNC,885497
CLNE,4071829
CLNY,5417478
CLNY$B,20289
CLNY$E,27368
CLNY$G,14052
CLNY$H,15675
CLNY$I,36322
CLNY$J,15556
CLOU,1692154
CLPR,62625
CLPS,566705
CLR,5211996
CLRB,499039
CLRBZ,60812
CLRG,14898
CLRO,97450
CLS,571099
CLSD,5257142
CLSN,634863
CLUB,430678
CLVS,53330607
CLW,482462
CLWT,63502
CLX,2209750
CLXT,1801019
CM,1072330
CMA,5176227
CMBM,255686
CMC,4382717
CMCM,369066
CMCO,1003395
CMCSA,143141476
CMCT,504574
CMCTP,4093
CMD,913288
CME,11006420
CMFNL,31266
CMG,836160
CMI,2497694
CMLS,980643
CMO,654365
CMO$E,33613
CMP,593058
CMPR,2824585
CMRE,1070559
CMRE$B,2094
CMRE$C,198
CMRE$D,3334
CMRE$E,619
CMRX,3771765
CMS,4112281
CMS$B,20
CMSA,2379
CMSC,7102
CMSD,25608
CMTL,1723071
CMU,44682
CNA,456854
CNAT,1924433
CNBKA,49130
CNC,10721878
CNCE,1580775
CNCR,61621
CNDT,3580285
CNET,336075
CNF,25736
CNFR,15570
CNFRL,22403
CNHI,4695582
CNI,2071071
CNK,3713110
CNMD,1896997
CNNE,1010041
CNO,2109932
CNOB,1086176
CNP,11600503
CNP$B,55338
CNQ,5300431
CNR,898667
CNS,308624
CNSL,6208555
CNSP,468897
CNST,6334775
CNTG,448615
CNTY,571010
CNX,9098025
CNXM,714248
CNXN,735652
CO,111658
COCP,432656
CODA,455963
CODI,410111
CODI$A,6832
CODI$B,2192
CODI$C,42060
CODX,389826
COE,24227
COF,4753949
COF$F,15156
COF$G,16595
COF$H,12265
COF$I,229328
COF$P,43087
COG,18648985
COHR,1853680
COHU,1938966
COKE,370956
COLB,3336369
COLD,4287987
COLL,2110528
COLM,7166407
COMM,17013607
COMT,123132
CONE,8800158
CONN,9588268
COO,811289
COOP,2974230
COP,14892432
COR,831840
CORE,2688427
CORR,232539
CORR$A,3735
CORT,7336159
CORV,27800425
COST,16096968
COT,1057174
COTY,8310005
COUP,10213631
COWN,1718179
COWNL,33003
COWNZ,56853
CP,907940
CPA,606412
CPAA,0
CPAAU,21947
CPAAW,0
CPAC,3119
CPAH,150597
CPB,5965754
CPE,34441469
CPF,239570
CPG,5887414
CPHC,8525
CPIX,70879
CPK,112592
CPL,152318
CPLG,488173
CPLP,584054
CPRI,5175176
CPRT,16958853
CPRX,19079162
CPS,619976
CPSH,52950
CPSI,818173
CPSS,41325
CPST,665585
CPT,1425004
CPTA,521414
CPTAG,14134
CPTAL,23556
CPZ,281809
CR,548488
CRAI,332935
CRBP,3535501
CRC,4448581
CRCM,1517826
CRD.A,46110
CRD.B,14770
CREE,7431759
CREG,2978400
CRESY,1824005
CREX,37144
CREXW,21507
CRH,1257279
CRI,1348506
CRIS,1106665
CRK,684780
CRL,801872
CRM,12924274
CRMT,529197
CRNC,3229903
CRNT,2651376
CRNX,633854
CRON,21835536
CROX,8034277
CRR,464313
CRS,572761
CRSA,169675
CRSAU,41566
CRSAW,45988
CRSP,6150500
CRT,29579
CRTO,1862395
CRTX,2484496
CRUS,5402778
CRVL,669405
CRVS,1504864
CRWD,27915968
CRWS,145896
CRY,352425
CRZO,31342847
CS,5353985
CSA,3670
CSB,19750
CSBR,527120
CSCO,129789780
CSF,21108
CSFL,4133961
CSGP,2357246
CSGS,2362503
CSII,1977620
CSIQ,5398969
CSL,908793
CSLT,1273932
CSML,25428
CSOD,3518218
CSPI,22648
CSQ,526304
CSS,93037
CSSE,68811
CSSEP,30795
CSTE,771824
CSTL,798297
CSTM,1775557
CSTR,361392
CSU,113505
CSV,227343
CSWC,1062404
CSWCL,15675
CSWI,402090
CSX,32799988
CTA$A,106
CTA$B,4130
CTAA,6920
CTAC,189723
CTACU,1219
CTACW,223636
CTAS,5164085
CTB,501424
CTBB,27483
CTBI,421848
CTDD,20574
CTG,153090
CTHR,170992
CTIB,916124
CTIC,2967513
CTK,56888
CTL,20882182
CTLT,1341435
CTMX,4478443
CTR,551808
CTRA,752155
CTRC,328917
CTRE,6987796
CTRM,546592
CTRN,742631
CTS,201740
CTSH,20728068
CTSO,1222237
CTST,1369906
CTT,259603
CTV,25551
CTVA,14837987
CTXR,3841189
CTXRW,26234
CTXS,11283688
CTY,30852
CTZ,6340
CUB,673374
CUBA,107118
CUBB,11991
CUBE,5165538
CUBI,243389
CUBI$C,470
CUBI$D,0
CUBI$E,200
CUBI$F,3651
CUE,1874960
CUI,661074
CUK,1481438
CULP,51786
CURO,724405
CUTR,1245295
CUZ,1622031
CVA,1069957
CVBF,5484657
CVCO,336472
CVCY,217699
CVE,5499482
CVEO,828054
CVET,8623751
CVGI,1533467
CVGW,1311458
CVI,935206
CVIA,463665
CVLT,3723304
CVLY,167903
CVNA,2688421
CVS,10424224
CVTI,991649
CVV,54618
CVX,11195103
CW,503321
CWBC,30303
CWBR,189675
CWCO,488457
CWEN,1338438
CWEN.A,272429
CWH,1244990
CWK,2086094
CWST,1386517
CWT,419150
CX,16479698
CXDC,405500
CXE,48816
CXH,26474
CXO,6531865
CXP,1341793
CXSE,59435
CXW,2408608
CY,26712204
CYAD,362775
CYAN,15145
CYBE,148086
CYBR,3585013
CYCC,1240137
CYCCP,1700
CYCN,3564564
CYD,54507
CYH,4196610
CYOU,2243050
CYRN,259938
CYRX,2772596
CYRXW,2018
CYTK,5977126
CZNC,117531
CZR,71850925
CZWI,144246
CZZ,2442936
D,8274372
DAC,457305
DAIO,101317
DAKT,1972640
DAL,13251852
DALI,55007
DAN,2277717
DAO,60260
DAR,1957753
DARE,492828
DAVA,329721
DAX,16149
DB,11213828
DBD,2899816
DBI,6415482
DBL,50531
DBVT,2184131
DBX,27212524
DCAR,3550327
DCF,73657
DCI,1363591
DCIX,463237
DCO,241426
DCOM,1597324
DCP,2803671
DCP$B,8714
DCP$C,7609
DCPH,4892625
DCUE,31471
DD,8889833
DDD,2358597
DDF,15640
DDIV,19507
DDMX,100608
DDMXU,200
DDMXW,3650
DDOG,16096943
DDS,666443
DDT,3462
DE,3895147
DEA,1150172
DEAC,2370139
DEACU,291703
DEACW,458269
DECK,1010253
DEI,2273536
DELL,5616943
DENN,3598866
DEO,1082812
DERM,8175517
DESP,439538
DEX,35869
DFFN,23415105
DFIN,385361
DFNL,32870
DFNSU,188306
DFP,26485
DFS,3528134
DG,6046282
DGICA,168090
DGICB,2975
DGII,2232040
DGLD,171163
DGLY,232668
DGRE,22484
DGRS,34072
DGRW,464578
DGX,1821166
DHF,230582
DHI,9016859
DHIL,173789
DHR,47011388
DHR$A,833
DHR.Z,877
DHT,3694985
DHX,173911
DHXM,469850
DIAX,53586
DIN,699217
DINT,74149
DIOD,3083090
DIS,12193691
DISCA,18689727
DISCB,3548
DISCK,20607418
DISH,17280364
DISHR,4580446
DJCO,23523
DK,2854768
DKL,55789
DKS,5092875
DKT,228623
DL,84613
DLB,835817
DLHC,86622
DLNG,91436
DLNG$A,3327
DLNG$B,2225
DLPH,2359450
DLPN,2048758
DLPNW,59673
DLR,4474673
DLR$C,3981
DLR$G,6453
DLR$I,5673
DLR$J,1478
DLR$K,7352
DLR$L,43369
DLTH,4949691
DLTR,20050138
DLX,499536
DMAC,372253
DMB,30872
DMLP,429361
DMO,72673
DMPI,1215559
DMRC,980514
DMTK,430046
DNI,30455
DNJR,0
DNKN,4731932
DNLI,2409979
DNOW,1988254
DNP,190349
DNR,22813742
DO,8193861
DOC,2799013
DOCU,14189773
DOGZ,306266
DOMO,7688835
DOOO,448809
DOOR,234865
DORM,1293875
DOV,2402412
DOW,5647145
DOX,5898591
DOYU,14184559
DPG,70205
DPHC,65899
DPHCU,38624
DPHCW,0
DPLO,5056632
DPZ,2346076
DQ,601337
DRAD,179390
DRADP,96971
DRD,102319
DRE,4599247
DRH,5308092
DRI,4203478
DRIO,2148129
DRIOW,236916
DRIV,28211
DRNA,5686887
DRQ,602401
DRRX,5679577
DRTT,165791
DRUA,29273
DS,512611
DS$B,115
DS$C,1800
DS$D,354
DSE,115913
DSGX,576771
DSKE,1747576
DSKEW,765744
DSL,396647
DSLV,558868
DSM,97510
DSPG,991170
DSSI,717270
DSU,164796
DSWL,15823
DSX,383342
DSX$B,1152
DT,3931699
DTE,2989325
DTEA,306340
DTF,23327
DTIL,12460003
DTJ,3371
DTLA$,10934
DTP,62462
DTQ,9936
DTSS,73202
DTW,7291
DTY,6158
DUC,28173
DUK,6897767
DUK$A,38875
DUKB,10327
DUKH,12939
DUO,72657
DUSA,26413
DVA,3523562
DVAX,9256359
DVD,15171
DVLU,32209
DVN,13409845
DVOL,218155
DVY,2602539
DWAQ,12997
DWAS,48156
DWAT,34803
DWAW,2184
DWCR,1041
DWEQ,8253
DWFI,27498
DWIN,9481
DWLD,59221
DWMC,966
DWPP,11901
DWSH,146527
DWSN,309380
DWTR,9882
DWUS,1000
DX,326639
DX$A,937
DX$B,4974
DXB,34564
DXC,8432190
DXCM,5674748
DXGE,2891
DXJS,16529
DXLG,220211
DXPE,639828
DXYN,239456
DY,1058057
DYAI,494570
DYNT,307199
DZSI,540937
E,543981
EA,17183640
EAB,1139
EAE,1440
EAF,7378925
EAI,12138
EARN,54839
EARS,764850
EAST,163675
EAT,1719228
EB,1391670
EBAY,55491666
EBAYL,356627
EBF,127280
EBIX,2053523
EBIZ,11159
EBMT,160432
EBR,575193
EBR.B,19250
EBS,652309
EBSB,1061982
EBTC,117310
EC,1326300
ECA,31497199
ECC,209796
ECCA,2606
ECCB,1976
ECCX,2428
ECCY,3930
ECHO,2164697
ECL,2579323
ECOL,1355118
ECOLW,76377
ECOM,166728
ECOR,1144597
ECOW,4469
ECPG,2293700
ECT,74203
ED,4393310
EDAP,645271
EDD,160669
EDF,54978
EDI,32726
EDIT,6360780
EDN,180211
EDNT,916655
EDRY,23734
EDSA,85271
EDTX,204770
EDTXU,20516
EDTXW,321137
EDU,2175453
EDUC,46239
EE,321589
EEA,11161
EEFT,2361958
EEFT26,0
EEI,36074
EEMA,94419
EEX,168719
EFAS,16897
EFBI,18289
EFC,472639
EFC$A,7317
EFF,23826
EFL,66940
EFOI,358290
EFR,283951
EFSC,901422
EFT,176599
EFX,1610975
EGAN,678155
EGBN,2218654
EGF,10812
EGHT,2717380
EGIF,41484
EGLE,1846579
EGO,3920801
EGOV,2969768
EGP,424258
EGRX,1411566
EGY,163029
EH,1221793
EHC,1478866
EHI,81460
EHT,26063
EHTH,3755289
EIC,7229
EIDX,981952
EIG,251708
EIGI,1848169
EIGR,1479351
EIX,5919413
EKSO,3736728
EL,3348817
ELAN,6678683
ELC,8360
ELF,1671319
ELGX,962617
ELJ,2773
ELOX,2100184
ELP,1568461
ELS,2510830
ELSE,8403
ELTK,152762
ELU,1364
ELVT,160570
ELY,1564190
EMB,12417215
EMCB,5109
EMCF,9393
EMCG,6475
EMD,179445
EME,351018
EMF,41017
EMIF,18513
EMKR,422827
EML,83472
EMMS,473782
EMN,2909783
EMO,1064291
EMP,5382
EMR,6483226
EMXC,24177
ENB,5135848
ENBA,19829
ENBL,2283383
ENDP,40684974
ENFC,172687
ENG,284935
ENIA,3389323
ENIC,1150323
ENJ,2826
ENLC,8499973
ENLV,67339
ENO,8758
ENOB,1507151
ENPH,24254133
ENR,2044355
ENR$A,8103
ENS,460598
ENSG,2001079
ENT,935141
ENTA,1752120
ENTG,4344475
ENTX,285606
ENTXW,37302
ENV,820251
ENVA,378678
ENZ,83126
ENZL,156655
EOD,105658
EOG,10977239
EOI,54100
EOLS,3545462
EOS,67234
EOT,31089
EP$C,7723
EPAC,874348
EPAM,603895
EPAY,2587316
EPC,1233759
EPD,13031956
EPIX,134648
EPR,1320115
EPR$C,775
EPR$E,684
EPR$G,3398
EPRT,1400515
EPSN,272188
EPZM,8092525
EQ,360895
EQBK,371522
EQC,1227012
EQC$D,3008
EQH,5867182
EQH$A,758645
EQIX,3228226
EQM,1988989
EQNR,6725666
EQR,5492677
EQRR,2820
EQS,4141
EQT,16287536
ERA,193659
ERF,1300446
ERI,6696248
ERIC,20531334
ERIE,885559
ERII,1557660
ERJ,1570670
EROS,7327196
ERYP,10621
ES,4793528
ESBK,45109
ESCA,136509
ESE,244724
ESEA,410229
ESGD,193326
ESGE,478031
ESGR,308815
ESGRO,105863
ESGRP,133537
ESGU,83250
ESI,5627145
ESLT,116709
ESNT,1041195
ESPO,38743
ESPR,4046929
ESQ,211309
ESRT,2906638
ESS,1105405
ESSA,107355
ESTA,681077
ESTC,4877232
ESTE,250038
ESTR,2588993
ESTRW,385751
ESXB,242130
ET,34374077
ETB,41382
ETFC,20977071
ETG,137634
ETH,442853
ETI$,735
ETJ,126921
ETM,1562532
ETN,5045690
ETNB,892081
ETO,52759
ETON,348217
ETP$C,44329
ETP$D,43470
ETP$E,95967
ETR,3870913
ETRN,8114194
ETSY,15577655
ETTX,65444
ETV,298124
ETW,161198
ETX,12428
ETY,226810
EUFN,3292918
EURN,3280408
EV,1551475
EVA,88612
EVBG,2630693
EVC,348721
EVER,3175933
EVF,114042
EVFM,837392
EVG,37552
EVGBC,0
EVGN,68284
EVH,5248912
EVK,7689
EVLMC,0
EVLO,501977
EVN,71414
EVOK,855878
EVOL,503154
EVOP,4727871
EVR,885724
EVRG,4560182
EVRI,2590674
EVSI,281957
EVSIW,66438
EVSTC,0
EVT,45435
EVTC,712492
EW,3822060
EWBC,7805198
EWJE,4122
EWJV,25347
EWZS,341758
EXAS,12419106
EXC,42215768
EXD,50398
EXEL,19243676
EXFO,250361
EXG,537915
EXK,4732267
EXLS,1578137
EXP,837612
EXPC,23233
EXPCU,190804
EXPCW,0
EXPD,10011540
EXPE,27538588
EXPI,1786054
EXPO,2413741
EXPR,6157830
EXR,2526306
EXTN,608741
EXTR,9792810
EYE,3904364
EYEG,872823
EYEGW,201614
EYEN,504688
EYES,1077796
EYESW,64837
EYPT,2367553
EZPW,6235398
EZT,2050
F,55775310
F$B,81319
F$C,444928
FAAR,5052
FAB,3884
FAD,7507
FAF,1735880
FALN,94696
FAM,35563
FAMI,357895
FANG,14738926
FANH,1040498
FARM,513661
FARO,1195564
FAST,25120957
FAT,31242
FATE,7974597
FB,83562621
FBC,602276
FBHS,2658611
FBIO,1661837
FBIOP,53456
FBIZ,109345
FBK,71918
FBM,1088747
FBMS,574072
FBNC,738015
FBP,1697554
FBSS,5653
FBZ,22969
FC,105624
FCA,3250
FCAL,15159
FCAN,3188
FCAP,83646
FCAU,9528897
FCBC,262687
FCBP,231294
FCCO,52582
FCCY,276548
FCEF,6063
FCEL,104081051
FCF,609835
FCFS,2279857
FCN,416661
FCNCA,317530
FCPT,650794
FCSC,175932
FCT,114180
FCVT,126654
FCX,40415552
FDBC,49757
FDEF,705851
FDEU,54335
FDIV,14452
FDNI,14065
FDP,353764
FDS,970629
FDT,78529
FDTS,422
FDUS,763678
FDUSG,18780
FDUSL,6365
FDUSZ,21707
FDX,9172091
FE,7883075
FEDU,20205
FEI,254722
FEIM,143989
FELE,1438994
FEM,381661
FEMB,106743
FEMS,71400
FENC,183725
FENG,167785
FEO,22781
FEP,68537
FET,1741573
FEUZ,3941
FEX,101907
FEYE,21757735
FF,234879
FFA,52414
FFBC,4519821
FFBW,56547
FFC,61919
FFG,35120
FFHL,122951
FFIC,759285
FFIN,3789294
FFIV,5895704
FFNW,108354
FFWM,789470
FG,1933603
FG.W,2537
FGB,46156
FGBI,96387
FGEN,5784131
FGM,7853
FGP,518425
FHB,4283844
FHK,1005
FHN,8681915
FHN$A,701
FI,812896
FIBK,1640628
FICO,468067
FID,4796
FIF,59597
FII,800641
FINS,28354
FINV,2407547
FINX,261956
FIS,6484117
FISI,271164
FISV,20845566
FISV23,0
FISV25,0
FISV27,0
FISV30,0
FISV31,0
FIT,14301852
FITB,31657917
FITBI,141756
FITBO,174589
FITBP,61550
FIV,66246
FIVE,8273011
FIVN,3638876
FIX,488336
FIXD,351838
FIXX,2791271
FIZZ,3998436
FJP,22918
FKO,13898
FKU,68410
FL,8546339
FLC,16677
FLDM,5039825
FLEX,22447450
FLGT,1507519
FLIC,462717
FLIR,5242249
FLL,471340
FLLC,341646
FLLCR,251940
FLLCU,244715
FLLCW,99900
FLMN,2101421
FLMNW,33127
FLN,13338
FLNG,6495
FLNT,1736297
FLO,1872237
FLOW,515970
FLR,6723044
FLS,2142277
FLT,2339802
FLWS,2679991
FLXN,6849586
FLXS,249820
FLY,147001
FMAO,162590
FMB,169239
FMBH,256525
FMBI,6223359
FMC,2329467
FMCI,130221
FMCIU,141
FMCIW,36550
FMHI,30214
FMK,1065
FMN,20890
FMNB,342947
FMO,483413
FMS,1128536
FMX,1039696
FMY,4500
FN,443108
FNB,4129567
FNB$E,5132
FNCB,194013
FND,2502315
FNF,2806277
FNHC,578721
FNJN,336100
FNK,4705
FNKO,5212213
FNLC,124609
FNV,1505638
FNWB,124172
FNX,42496
FNY,25552
FOCS,1811532
FOE,1216973
FOF,32319
FOLD,22461071
FOMX,2361656
FONR,106966
FOR,180265
FORD,92031
FORK,43068
FORM,5594877
FORR,522130
FORTY,2312
FOSL,9491549
FOX,8505034
FOXA,26457815
FOXF,1328088
FPA,54877
FPAC,30238
FPAC.U,43831
FPAC.W,45600
FPAY,894069
FPAYW,323485
FPF,203017
FPH,314297
FPI,103587
FPI$B,9658
FPL,111345
FPRX,3559258
FPXE,6373
FPXI,63216
FR,1684959
FRA,275489
FRAF,46126
FRAN,1672707
FRBA,221209
FRBK,1097867
FRC,2019896
FRC$F,1146
FRC$G,1693
FRC$H,1683
FRC$I,5240
FRC$J,251814
FREQ,1373916
FRG,353002
FRGI,2456499
FRHC,2089462
FRME,1842741
FRO,1947342
FRPH,117442
FRPT,2467961
FRSX,143103
FRT,879369
FRT$C,7758
FRTA,1863805
FSB,141683
FSBC,118588
FSBW,126436
FSCT,3234949
FSD,136444
FSEA,92572
FSFG,33478
FSK,3391100
FSLR,8010590
FSLY,2264766
FSM,3506402
FSRV,0
FSRVU,326874
FSRVW,4400
FSS,617626
FSTR,236233
FSV,823637
FSZ,8041
FT,47514
FTA,136789
FTAC,72437
FTACU,1003
FTACW,70296
FTAG,3073
FTAI,479876
FTAI$A,3553
FTAI$B,70770
FTC,58819
FTCH,5143489
FTCS,709619
FTDR,4282736
FTEK,303219
FTEO,2459
FTFT,1026539
FTGC,49386
FTHI,25146
FTI,7521555
FTK,623113
FTLB,6580
FTNT,9852118
FTR,26328720
FTRI,11282
FTS,1025113
FTSI,848349
FTSL,395049
FTSM,882453
FTSV,9973167
FTV,4067972
FTV$A,1779
FTXD,9095
FTXG,34445
FTXH,4138
FTXL,22250
FTXN,3145
FTXO,123304
FTXR,544
FUL,720318
FULC,258417
FULT,7165480
FUN,662413
FUNC,126543
FUND,138329
FUSB,49501
FUTU,786960
FUV,911629
FV,361380
FVC,56943
FVCB,272067
FVE,165339
FVEVV,6895
FVRR,625174
FWONA,763998
FWONK,4628732
FWP,310246
FWRD,1308399
FXNC,18075
FYC,45215
FYT,30749
FYX,67136
G,2501556
GAB,554213
GAB$D,54125
GAB$G,2612
GAB$H,1184
GAB$J,318
GAB$K,11259
GABC,488952
GAIA,401197
GAIN,1375482
GAINL,17150
GAINM,19145
GALT,1698588
GAM,24248
GAM$B,3070
GARS,443094
GASS,269201
GATX,542607
GBAB,26078
GBCI,2822156
GBDC,6626455
GBL,26133
GBLI,110682
GBLIL,27116
GBLIZ,34518
GBT,8980401
GBX,586685
GCAP,163108
GCBC,24249
GCI,2873092
GCO,1088613
GCP,588831
GCV,63432
GCVRZ,1550317
GD,3612042
GDDY,3921478
GDEN,563897
GDI,2251132
GDL,50159
GDL$C,100
GDO,18064
GDOT,2164547
GDS,6692980
GDV,390141
GDV$A,1915
GDV$D,16314
GDV$G,225
GDV$H,705
GE,86415638
GEC,117112
GECC,244509
GECCL,12566
GECCM,9207
GECCN,30495
GEF,444835
GEF.B,23769
GEL,1432915
GEMP,651142
GEN,167590
GENC,145415
GENE,255672
GENY,29157
GEO,2725389
GEOS,541379
GER,723120
GERN,5604044
GES,3375605
GEVO,660707
GF,14407
GFED,48021
GFF,397482
GFI,18110564
GFN,263375
GFNCP,1832
GFNSL,9429
GFY,13501
GGAL,11099366
GGB,23019547
GGG,1524762
GGM,74833
GGT,62539
GGT$B,2440
GGT$E,4152
GGT$G,3440
GGZ,16016
GGZ$A,950
GH,7439310
GHC,23864
GHG,117607
GHL,355532
GHM,45246
GHSI,15588987
GHY,178810
GIB,349077
GIFI,288379
GIGE,2441
GIGM,84411
GIII,5821414
GIL,1589488
GILD,56439980
GILT,131595
GIM,753811
GIS,9574786
GIX,406
GIX.R,7024
GIX.U,8399
GIX.W,31400
GJH,400
GJO,0
GJP,0
GJR,18
GJS,400
GJT,0
GJV,13533
GKOS,749220
GL,1289875
GL$C,11734
GLAD,841556
GLADD,15947
GLADL,14475
GLBS,603000
GLBZ,7122
GLDD,2823223
GLDI,29961
GLEO,56800
GLEO.U,1000
GLEO.W,34665
GLG,1919378
GLIBA,3680066
GLIBP,26588
GLMD,867874
GLNG,6866563
GLOB,623741
GLOG,961469
GLOG$A,602
GLOP,456512
GLOP$A,6496
GLOP$B,5876
GLOP$C,9736
GLP,182455
GLP$A,1618
GLPG,1240583
GLPI,7592601
GLRE,2209910
GLT,340036
GLUU,16849187
GLW,11689181
GLYC,1565157
GM,17584008
GMAB,2622207
GMDA,310829
GME,13854907
GMED,837808
GMHI,25802
GMHIU,31500
GMHIW,1349
GMLP,3084343
GMLPP,45215
GMRE,967292
GMRE$A,1348
GMS,1130002
GMTA,6704
GMZ,515789
GNC,1257767
GNCA,484375
GNE,150039
GNE$A,1021
GNFT,635629
GNK,362100
GNL,940817
GNL$A,6287
GNL$B,33378
GNLN,1894538
GNMA,41188
GNMK,1889982
GNMX,6443183
GNOM,23159
GNPX,1728804
GNRC,1000171
GNSS,484489
GNT,43081
GNT$A,60
GNTX,12070868
GNTY,158475
GNUS,2476214
GNW,8603968
GO,3308740
GOF,190169
GOGL,1660853
GOGO,8806817
GOL,1908024
GOLD,20051983
GOLF,385330
GOOD,1508892
GOODM,15504
GOODN,30021
GOOG,11234117
GOOGL,10273253
GOOS,3619312
GOSS,6304478
GPAQ,55695
GPAQU,300
GPAQW,53003
GPC,1359596
GPI,351229
GPJA,12043
GPK,5142554
GPM,98173
GPMT,409817
GPN,4098451
GPOR,31773829
GPP,465964
GPRE,4927081
GPRK,370249
GPRO,18890947
GPS,14752984
GPX,60996
GRA,932660
GRAF,24634
GRAF.U,724
GRAF.W,11668
GRAM,115532
GRBK,844074
GRC,121415
GRFS,6210325
GRID,6292
GRIF,28918
GRIN,48722
GRMN,8031953
GRNQ,191789
GRNV,21662
GRNVR,25382
GRNVU,131607
GRNVW,96000
GROW,136364
GRP.U,8101
GRPN,38178594
GRSH,858661
GRSHU,6500
GRSHW,56901
GRTS,1771139
GRTX,629375
GRUB,6619104
GRVY,315114
GRWG,630713
GRX,39650
GRX$A,3237
GRX$B,714
GS,5602150
GS$A,51244
GS$C,5945
GS$D,52344
GS$J,33839
GS$K,24819
GS$N,29317
GSAH,3831670
GSAH.U,36598
GSAH.W,190168
GSBC,238901
GSBD,222733
GSH,71630
GSHD,1429670
GSIT,179379
GSK,6926622
GSKY,4408016
GSL,64412
GSL$B,3715
GSLD,50251
GSM,2142330
GSUM,409770
GSX,3232425
GT,18447957
GTEC,34086
GTES,750234
GTHX,3000814
GTIM,282371
GTLS,3712963
GTN,1411193
GTN.A,279
GTS,432858
GTT,1535347
GTX,2132111
GTY,203224
GTYH,1403923
GULF,11611
GURE,98957
GUT,202023
GUT$A,580
GUT$C,199
GVA,2509600
GVP,173529
GWB,566649
GWGH,30336
GWPH,3461082
GWR,1294741
GWRE,3265992
GWRS,176321
GWW,1136827
GXGX,73344
GXGXU,12915
GXGXW,17000
GXTG,4644
GYB,100
GYC,929
GYRO,11751
H,1613608
HA,4006014
HABT,1790019
HAE,817152
HAFC,1415253
HAIN,5305951
HAL,26482764
HALL,612537
HALO,10810828
HAPP,65489
HARP,882354
HAS,8668903
HASI,783285
HAYN,693460
HBAN,56023681
HBANN,16462
HBANO,274860
HBB,116948
HBCP,136542
HBI,13462988
HBIO,209317
HBM,1263863
HBMD,204541
HBNC,706647
HBP,241656
HBT,1783408
HCA,3598313
HCAC,87528
HCACU,43217
HCACW,8523
HCAP,65848
HCAPZ,5198
HCAT,1879674
HCC,2116250
HCCH,206564
HCCHR,369521
HCCHU,400
HCCHW,435512
HCCI,345193
HCCOU,994199
HCFT,43218
HCHC,137973
HCI,66544
HCKT,979513
HCM,1332707
HCR,1064638
HCSG,4989979
HCXY,3506
HCXZ,1000
HD,10764088
HDB,3026293
HDS,9949207
HDSN,2064805
HE,858196
HEAR,2085854
HEBT,1295273
HEES,1644470
HEI,1631843
HEI.A,711750
HELE,1207381
HEP,876194
HEPA,2067784
HEQ,76744
HERD,735
HERO,7316
HES,6607607
HESM,320815
HEWG,195739
HEXO,5723544
HFBL,3056
HFC,4230310
HFFG,1383836
HFRO,430050
HFRO$A,25622
HFWA,1639007
HGH,44019
HGLB,102453
HGSH,25167
HGV,1417003
HHC,655001
HHHH,36111
HHHHR,36508
HHHHU,18924
HHHHW,11762
HHR,694651
HHS,8211
HHT,851942
HI,1031895
HIBB,4763783
HIE,79698
HIFS,24402
HIG,4639006
HIG$G,9685
HIHO,51410
HII,662633
HIIQ,5484616
HIL,108653
HIMX,2780260
HIO,501120
HIW,1326885
HIX,398160
HJLI,383328
HJLIW,22044
HJV,7140
HKIB,20759
HL,21577967
HL$B,10
HLAL,35977
HLF,1620563
HLG,57182
HLI,436433
HLIO,571209
HLIT,4276991
HLNE,1040498
HLT,4371663
HLX,2405064
HMC,806795
HMHC,3410014
HMI,788999
HMLP,96131
HMLP$A,27929
HMN,373234
HMNF,16564
HMST,1288954
HMSY,4555257
HMTV,247993
HMY,15413980
HNDL,15268
HNGR,450514
HNI,384825
HNNA,83022
HNP,40395
HNRG,570550
HOFT,654477
HOG,3878569
HOLI,1695555
HOLX,13144873
HOMB,6442746
HOME,7037224
HON,5659380
HONE,1782926
HOOK,1281477
HOPE,6054700
HOS,92825
HOTH,140229
HOV,482063
HOVNP,26401
HP,5328066
HPE,15622929
HPF,37207
HPI,33244
HPP,2503172
HPQ,18204166
HPR,1278178
HPS,42442
HQH,196023
HQI,81806
HQL,101624
HQY,6861455
HR,1846281
HRB,8283955
HRC,941626
HRI,463037
HRL,4865554
HROW,920611
HRTG,198276
HRTX,8984434
HRZN,571603
HSAC,381889
HSACU,2840
HSACW,353623
HSBC,6638698
HSBC$A,93321
HSC,1036735
HSDT,5006359
HSIC,11656477
HSII,1000951
HSKA,562551
HSON,20404
HST,15770984
HSTM,2056369
HSY,1943224
HT,734777
HT$C,10038
HT$D,9273
HT$E,8391
HTA,3791464
HTBI,420032
HTBK,4288809
HTBX,726693
HTD,30492
HTFA,466
HTGC,701548
HTGM,1315966
HTH,860271
HTHT,9242077
HTIA,148224
HTLD,2674635
HTLF,836977
HTY,38602
HTZ,4182565
HUBB,524199
HUBG,1857190
HUBS,1756687
HUD,249881
HUM,2909583
HUN,4839959
HURC,135523
HURN,674288
HUYA,9780054
HVBC,18186
HVT,167380
HVT.A,614
HWBK,54712
HWC,5958200
HWCC,310197
HWCPL,31157
HWKN,321068
HX,1537048
HXL,1467000
HY,185704
HYAC,78674
HYACU,28323
HYACW,3697
HYB,157248
HYI,37768
HYLS,312951
HYND,17479
HYRE,832699
HYT,705494
HYXE,30019
HYZD,65611
HZN,43795
HZNP,9498651
HZO,435680
I,14621596
IAA,2085148
IAC,7508397
IAE,75949
IAG,6873881
IART,3191264
IBA,15960
IBB,18059615
IBCP,737860
IBKC,3128877
IBKCN,27787
IBKCO,7622
IBKCP,11244
IBKR,4230269
IBM,5930418
IBN,11797183
IBOC,1936089
IBP,427588
IBTX,4156403
IBUY,139709
ICAD,448549
ICBK,68002
ICCC,139954
ICCH,9465
ICD,296174
ICE,8066947
ICFI,769954
ICHR,2076660
ICL,111906
ICLK,1314484
ICLN,1192313
ICLR,1740346
ICMB,259442
ICON,378312
ICPT,5025780
ICUI,1290378
IDA,680189
IDCC,2431128
IDE,78766
IDEX,1894114
IDLB,23608
IDRA,1403015
IDSA,338500
IDT,286864
IDXG,1253604
IDXX,4111030
IDYA,186319
IEA,161479
IEAWW,1003049
IEF,15516027
IEI,2657581
IEP,442664
IESC,175637
IEUS,18277
IEX,1167947
IFEU,18432
IFF,5564594
IFFT,224308
IFGL,135921
IFMK,2230236
IFN,129335
IFRX,2638088
IFS,100072
IFV,90727
IGA,35399
IGD,476527
IGF,817600
IGI,20703
IGIB,1707762
IGMS,1634319
IGOV,244598
IGR,273596
IGSB,2261763
IGT,2754703
IHC,7657
IHD,60591
IHG,294669
IHIT,56316
IHRT,1697230
IHTA,20287
IID,30589
IIF,65330
III,593621
IIIN,940694
IIIV,1139043
IIM,57395
IIN,566335
IIPR,806588
IIPR$A,816
IIVI,10288602
IJT,162132
IKNX,16907
ILMN,6482166
ILPT,14111712
IMAC,507217
IMACW,8482
IMAX,502915
IMBI,308374
IMGN,19555164
IMKTA,715321
IMMP,150087
IMMR,1906637
IMMU,20312296
IMOS,82781
IMRN,98776
IMRNW,25788
IMTE,25641
IMUX,130844
IMV,103194
IMVT,152634
IMVTU,10164
IMVTW,251411
IMXI,1928134
INAP,1505141
INB,96605
INBK,190597
INBKL,6723
INBKZ,12363
INCY,12304534
INDB,1554226
INDY,227057
INF,46288
INFI,373285
INFN,14683016
INFO,5495910
INFR,25548
INFY,23482234
ING,8098790
INGN,2274502
INGR,1348907
INMB,95250
INMD,8642845
INN,1189537
INN$D,127
INN$E,7700
INNT,3189575
INO,5729075
INOD,93745
INOV,3928976
INPX,187005411
INSE,73595
INSG,9401206
INSI,20200
INSM,6737565
INSP,408212
INST,3112777
INSU,29755
INSUU,20800
INSUW,2518
INSW,400025
INSW$A,906
INT,662955
INTC,150851361
INTG,1008
INTL,968886
INTU,11057926
INVA,5631789
INVE,266897
INVH,10511938
INWK,1000311
INXN,2873335
IO,282500
IONS,7090210
IOSP,897849
IOTS,2026229
IOVA,9112581
IP,7769840
IPAR,800725
IPDN,0
IPG,5751201
IPGP,3158094
IPHA,122914
IPHI,1244457
IPHS,1418671
IPI,1022133
IPKW,34597
IPLDP,39738
IPWR,210779
IQ,37114488
IQI,32348
IQV,3290270
IR,3819086
IRBT,7887191
IRCP,71800
IRDM,4247050
IRET,168171
IRET$C,579
IRIX,185866
IRL,13640
IRM,4263459
IRMD,422299
IROQ,12266
IRR,116789
IRS,147835
IRT,715078
IRTC,2933238
IRWD,11617658
ISBC,11574849
ISD,142824
ISDS,604
ISDX,25088
ISEE,8349351
ISEM,10339
ISG,34368
ISHG,7375
ISIG,74610
ISNS,19800
ISRG,4254736
ISSC,286728
ISTB,439244
ISTR,128916
IT,1338810
ITCB,10042
ITCI,28605478
ITGR,332426
ITI,1074000
ITIC,66762
ITMR,80657
ITRI,2005527
ITRM,3379128
ITRN,427728
ITT,1426476
ITUB,42706531
ITW,3088119
IUS,43095
IUSB,403536
IUSG,1492955
IUSS,13629
IUSV,1454024
IVAC,198420
IVC,702738
IVH,70656
IVR,2545998
IVR$A,7785
IVR$B,96833
IVR$C,15867
IVZ,11288206
IX,49620
IXUS,2624186
IZEA,1089520
J,1366557
JACK,4006951
JAG,4439784
JAGX,1838346
JAKK,619070
JAN,156175
JASN,5071992
JAX,35023
JAZZ,3753078
JBGS,1263411
JBHT,7409026
JBK,100
JBL,3620043
JBLU,25659995
JBN,7982
JBR,1368
JBSS,723639
JBT,367310
JCAP,402148
JCAP$B,274
JCE,36840
JCI,14587638
JCO,38523
JCOM,3344683
JCP,8433778
JCS,1384310
JCTCF,17578
JD,59521873
JDD,35816
JE,997950
JE$A,27187
JEC,1140880
JEF,2459655
JELD,802275
JEMD,49063
JEQ,22802
JFIN,78696
JFK,131756
JFKKR,228845
JFKKU,1300
JFKKW,83669
JFR,309638
JFU,167502
JG,509456
JGH,25566
JHAA,8611
JHB,24946
JHG,1936944
JHI,13105
JHS,29899
JHX,17190
JHY,21091
JIH,10
JIH.U,25021
JIH.W,46200
JILL,801600
JJSF,749903
JKHY,3250647
JKI,17711
JKS,2364885
JLL,582046
JLS,41054
JMEI,277041
JMF,442924
JMIA,1446120
JMLP,79937
JMM,6251
JMP,31609
JMPD,2015
JMPE,23013
JMT,8940
JMU,356516
JNCE,6821502
JNJ,9280653
JNPR,6196377
JOBS,1386271
JOE,874544
JOF,78249
JOUT,389249
JP,44805
JPC,119461
JPI,34949
JPM,26159961
JPM$C,50724
JPM$D,43966
JPM$F,108888
JPM$G,51402
JPM$H,92225
JPM$J,168575
JPS,542597
JPT,1788
JQC,1059500
JRI,60462
JRJC,597132
JRO,191914
JRS,49433
JRSH,54775
JRVR,2258279
JSD,87756
JSM,93359
JSMD,51139
JSML,107795
JT,544122
JTA,36813
JTD,23342
JVA,123790
JW.A,674645
JW.B,1476
JWN,6502468
JYNT,969433
K,3575350
KAI,180626
KALA,3296800
KALU,974398
KALV,1096618
KAMN,379803
KAR,3939215
KB,302550
KBAL,879916
KBH,3220513
KBLM,27268
KBLMR,257015
KBLMU,1177
KBLMW,730331
KBR,2368184
KBSF,67811
KBWB,1096572
KBWD,148059
KBWP,31960
KBWR,10139
KBWY,144935
KCAPL,14043
KDMN,2472315
KDP,3874285
KE,455296
KELYA,1595462
KELYB,1234
KEM,2175627
KEN,544
KEP,247713
KEQU,71894
KERN,1544908
KERNW,1020090
KEX,1114417
KEY,18903287
KEY$I,35718
KEY$J,9688
KEY$K,19186
KEYS,3451699
KF,7499
KFFB,16221
KFRC,1651215
KFS,72488
KFY,1025249
KGC,17431274
KGJI,110328
KHC,44003940
KIDS,801774
KIM,7763063
KIM$J,5017
KIM$L,2822
KIM$M,9580
KIN,673120
KINS,313547
KIO,41434
KIRK,4263233
KKR,6229087
KKR$A,6227
KKR$B,4057
KL,2667715
KLAC,10315065
KLDO,1210216
KLIC,2666928
KLXE,4440501
KMB,2710574
KMDA,302227
KMF,430160
KMI,18921723
KMPH,2956074
KMPR,586722
KMT,1645725
KMX,4722931
KN,1325962
KNDI,728488
KNL,621329
KNOP,105962
KNSA,2095158
KNSL,1587438
KNX,4264345
KO,19994036
KOD,8874900
KODK,451980
KOF,226361
KOP,368901
KOPN,2974855
KOS,16684952
KOSS,75693
KPTI,8180851
KR,16412647
KRA,472002
KRC,1552537
KREF,473813
KRG,1561072
KRKR,102633
KRMA,29048
KRMD,2523407
KRNT,1066291
KRNY,2866919
KRO,1214346
KRP,191271
KRTX,3475840
KRUS,431590
KRYS,1331965
KSM,24906
KSS,9312049
KSU,3222030
KSU$,16
KT,1156475
KTB,1142164
KTCC,50741
KTF,63522
KTH,585
KTN,4074
KTOS,5559931
KTOV,476167
KTOVW,147778
KTP,11321
KURA,3084787
KVHI,216236
KW,609595
KWR,286505
KXIN,501286
KYN,2059627
KYN$F,27983
KZIA,170947
KZR,824467
L,3380868
LAC,139579
LACQ,865555
LACQU,2248
LACQW,41722
LAD,420818
LADR,1053936
LAIX,744906
LAKE,84606
LAMR,2808719
LANC,783132
LAND,632748
LANDP,16146
LARK,69221
LASR,2077494
LATN,106800
LATNU,118276
LATNW,1000
LAUR,10037754
LAWS,140382
LAZ,1418026
LAZY,51653
LB,18027265
LBAI,928222
LBC,275560
LBRDA,730982
LBRDK,4846197
LBRT,1888499
LBTYA,11587093
LBTYB,29
LBTYK,17568767
LC,686973
LCA,73678
LCAHU,6514
LCAHW,100
LCI,1783981
LCII,506474
LCNB,141513
LCUT,241261
LDL,287409
LDOS,2200837
LDP,41073
LDRI,3324
LDSF,39621
LE,3058235
LEA,3097870
LEAF,52946
LECO,2674172
LEDS,108051
LEE,177842
LEG,3319241
LEGH,323302
LEGR,4686
LEJU,283756
LEN,8370618
LEN.B,138538
LEO,70263
LEVI,1900609
LEVL,88241
LFAC,7105
LFACU,3300
LFACW,100
LFC,551560
LFUS,869395
LFVN,496081
LGC,43652
LGC.U,1200
LGC.W,563489
LGF.A,3478857
LGF.B,2526963
LGI,115219
LGIH,2073353
LGND,2721294
LH,1532376
LHC,14576
LHC.U,0
LHC.W,3900
LHCG,1711265
LHX,2672810
LIFE,180977
LII,749175
LILA,1598382
LILAK,3887872
LIN,4396420
LINC,231000
LIND,937834
LINX,311659
LIQT,884926
LITB,275874
LITE,9582984
LIVE,34354
LIVKU,1343855
LIVN,2707043
LIVX,1093284
LJPC,6121208
LK,49629212
LKCO,1562432
LKFN,604761
LKQ,15388002
LKSD,800384
LL,2490577
LLIT,202625
LLNW,4737524
LLY,8292571
LM,1770600
LMAT,1053181
LMB,378716
LMBS,754532
LMFA,92516
LMFAW,18054
LMHA,13450
LMHB,16804
LMNL,131086
LMNR,321981
LMNX,2185961
LMPX,5088854
LMRK,369084
LMRKN,14699
LMRKO,60070
LMRKP,16019
LMST,35035
LMT,2129844
LN,91865
LNC,4323361
LND,5809
LNDC,642305
LNGR,12742
LNN,130728
LNT,13839614
LNTH,3162368
LOAC,11000
LOACR,60390
LOACU,0
LOACW,13374
LOAN,94901
LOB,1286334
LOCO,2829114
LOGC,396075
LOGI,798735
LOGM,7683811
LOMA,1062189
LONE,501575
LOOP,392339
LOPE,11306552
LOR,6622
LORL,543711
LOVE,3783613
LOW,6496839
LPCN,2895087
LPG,761678
LPI,12059744
LPL,1162809
LPLA,3797207
LPSN,4798698
LPT,4073384
LPTH,300024
LPTX,473799
LPX,3468674
LQDA,1233110
LQDT,827415
LRCX,11285794
LRGE,10518
LRN,446873
LSBK,7290
LSCC,7671165
LSI,886544
LSTR,2277732
LSXMA,4982590
LSXMB,4327
LSXMK,5988424
LTBR,168229
LTC,497532
LTHM,3218734
LTM,2846895
LTRPA,4708199
LTRPB,2980
LTRX,406721
LUB,32479
LULU,15867219
LUNA,936029
LUV,11575605
LVGO,5976161
LVHD,150568
LVS,8361230
LW,2443345
LWAY,124507
LX,10324909
LXP,2722894
LXP$C,138
LXRX,12114599
LXU,188396
LYB,5589458
LYFT,37118279
LYG,19673878
LYL,3862
LYTS,432022
LYV,6419590
LZB,613387
M,42617946
MA,5926852
MAA,1891368
MAA$I,113
MAC,5980462
MACK,256448
MAGS,163364
MAIN,356920
MAN,821311
MANH,3559424
MANT,1645941
MANU,147609
MAR,9590397
MARA,422555
MARK,1618849
MARPS,23304
MAS,6482384
MASI,2041949
MAT,20129133
MATW,1489555
MATX,326541
MAV,68419
MAXR,4133049
MAYS,2729
MBB,4509028
MBCN,33136
MBI,964744
MBII,1152879
MBIN,495546
MBINO,107368
MBINP,12472
MBIO,2035049
MBNKP,100242
MBOT,12107306
MBRX,1161890
MBSD,12624
MBT,6582675
MBUU,1040019
MBWM,309193
MC,827380
MCA,50639
MCB,63086
MCBC,378085
MCBS,1990609
MCC,144816
MCD,5117137
MCEF,3141
MCEP,578322
MCFT,1055451
MCHI,15205623
MCHP,14997051
MCHX,709722
MCI,12939
MCK,3207135
MCMJ,48395
MCMJU,171967
MCMJW,9155
MCN,85177
MCO,1716457
MCR,30427
MCRB,1366098
MCRI,445471
MCS,287806
MCV,2785
MCX,1020
MCY,417265
MD,2883722
MDB,8900127
MDC,1053762
MDCA,1542859
MDCO,14956976
MDGL,2045964
MDGS,61915
MDGSW,32
MDIV,106445
MDJH,10102
MDLA,2731180
MDLQ,8199
MDLX,4708
MDLY,35326
MDLZ,47433491
MDLZ21,0
MDLZ22,0
MDLZ23,0
MDLZ27,0
MDLZ35,0
MDLZ35A,0
MDLZ45,0
MDP,1579615
MDR,18719646
MDRR,56100
MDRX,17510238
MDT,7450153
MDU,2183353
MDWD,380141
MEC,93355
MED,816954
MEDP,1959858
MEET,8069750
MEI,563835
MEIP,4523361
MELI,2269977
MEN,66423
MEOH,1910214
MER$K,10030
MERC,1991687
MESA,3207227
MESO,143316
MET,12832810
MET$A,24443
MET$E,13278
METC,339120
MFA,7313931
MFA$B,13263
MFAC,36679
MFAC.U,800
MFAC.W,0
MFC,3753894
MFD,46565
MFG,337357
MFGP,1850159
MFIN,416341
MFINL,9584
MFL,100206
MFM,55670
MFNC,308453
MFO,258
MFSF,149742
MFT,73177
MFV,12711
MG,149743
MGA,1716627
MGEE,1027379
MGEN,2191103
MGF,90084
MGI,8964094
MGIC,141193
MGLN,1406853
MGM,9618303
MGNX,3904860
MGP,3993284
MGPI,959940
MGR,17370
MGRC,892791
MGTA,1500637
MGTX,1714905
MGU,27950
MGY,2417065
MGYR,2171
MH$A,9100
MH$C,16352
MH$D,8742
MHD,18624
MHE,4127
MHF,50104
MHI,34865
MHK,1557270
MHLA,5938
MHLD,623077
MHN,34177
MHNC,7492
MHO,577067
MIC,1049628
MICT,141481
MIDD,2821591
MIE,465946
MIK,34526642
MILN,59162
MIME,2116511
MIN,203815
MIND,217887
MINDP,25560
MINI,2289360
MIRM,4474326
MIST,47878
MITK,2595619
MITO,1391394
MITT,316893
MITT$A,400
MITT$B,11473
MITT$C,10963
MIXT,72614
MIY,38414
MJCO,118869
MKC,1490272
MKC.V,2768
MKD,1584382
MKGI,73224
MKL,53238
MKSI,3448080
MKTX,3161767
MLAB,283895
MLCO,11292451
MLHR,5843488
MLI,448199
MLM,1758306
MLND,619318
MLNT,2668178
MLNX,3312614
MLP,7054
MLR,114227
MLVF,66505
MMAC,91079
MMC,3818856
MMD,36331
MMI,337276
MMLP,1201119
MMM,6776112
MMP,2595310
MMS,725286
MMSI,6291522
MMT,63897
MMU,88183
MMYT,1541394
MN,46407
MNCL,676523
MNCLU,6003
MNCLW,241374
MNDO,137988
MNE,20799
MNK,15841649
MNKD,9322472
MNLO,702690
MNOV,1254248
MNP,20497
MNPR,945734
MNR,704663
MNR$C,25497
MNRL,1614889
MNRO,1692933
MNSB,103921
MNST,21227024
MNTA,10975183
MNTX,292671
MO,18365420
MOBL,7360409
MOD,659670
MODN,599073
MOFG,318962
MOG.A,242051
MOG.B,1042
MOGO,54307
MOGU,114873
MOH,1266658
MOHO,53370
MOMO,17713851
MOR,424991
MORF,412165
MORN,679723
MOS,12893410
MOSC,703875
MOSC.U,420
MOSC.W,318783
MOSY,358936
MOTS,532480
MOV,549066
MOXC,9344
MPA,14359
MPAA,1011228
MPB,76741
MPC,12350947
MPLX,6621254
MPV,4449
MPVD,448419
MPW,8937869
MPWR,2202985
MPX,40350
MQT,18950
MQY,35089
MR,857446
MRAM,405859
MRBK,53009
MRC,1050858
MRCC,1798935
MRCCL,27391
MRCY,3481140
MREO,2168288
MRIC,203280
MRIN,138162
MRK,13288812
MRKR,1669839
MRLN,164895
MRNA,18488741
MRNS,14075147
MRO,18281379
MRSN,1863488
MRTN,1645069
MRTX,3460948
MRUS,504928
MRVL,54825868
MS,24454830
MS$A,72965
MS$E,26627
MS$F,21143
MS$G,29642
MS$I,37912
MS$K,27628
MS$L,392838
MSA,308657
MSB,91402
MSBF,235977
MSBI,615701
MSC,4394
MSCI,1211592
MSD,29213
MSEX,600527
MSFT,168552432
MSFT21,0
MSFT28,0
MSFT33,0
MSG,468973
MSGN,1491265
MSI,3882346
MSM,1245318
MSON,668664
MSTR,676424
MSVB,43012
MT,8056093
MTB,1711305
MTBC,142178
MTBCP,45492
MTC,255640
MTCH,14327991
MTD,607839
MTDR,7202785
MTEM,2596975
MTEX,14730
MTFB,2136106
MTFBW,246532
MTG,4368425
MTH,1080016
MTL,176038
MTL$,19371
MTLS,709452
MTN,864703
MTOR,2942957
MTP,1892467
MTR,10866
MTRN,225001
MTRX,1584394
MTSC,1185350
MTSI,3771516
MTSL,523625
MTT,45348
MTW,633504
MTX,452619
MTZ,2078247
MU,120199219
MUA,42887
MUC,113308
MUDS,16325
MUDSU,109
MUDSW,21103
MUE,51984
MUFG,2254479
MUH,24611
MUI,64113
MUJ,22799
MUR,7339873
MUS,50577
MUSA,755705
MUX,7461659
MVBF,443010
MVC,13768
MVCD,7791
MVF,119126
MVIS,1534194
MVO,13146
MVT,44485
MWA,1445541
MWK,183577
MX,456092
MXE,4431
MXF,44560
MXIM,14687797
MXL,642671
MYC,43815
MYD,57500
MYE,325768
MYF,33315
MYFW,42650
MYGN,6832261
MYI,46023
MYJ,57686
MYL,40471735
MYN,26314
MYOK,2655131
MYOS,62643
MYOV,2844164
MYRG,984116
MYSZ,424988
MYT,595867
MZA,15316
NAC,124614
NAD,240713
NAII,85191
NAKD,169741017
NAN,50772
NAOV,16131
NAT,7447050
NATH,112584
NATI,3735082
NATR,124076
NAV,973185
NAV$D,100
NAVI,13731946
NAZ,16365
NBB,19675
NBEV,6579568
NBHC,318871
NBIX,7239365
NBL,13211229
NBLX,971088
NBN,234022
NBR,14316263
NBR$A,35039
NBRV,4760761
NBSE,690357
NBTB,1784216
NC,24384
NCA,39146
NCB,5507
NCBS,471097
NCLH,3650178
NCMI,2883335
NCNA,235301
NCR,1568024
NCSM,228388
NCTY,172023
NCV,252353
NCV$A,330
NCZ,125413
NCZ$A,18
NDAQ,5566708
NDAQ21,0
NDAQ23,0
NDAQ29,0
NDLS,2099233
NDP,196879
NDRA,695485
NDRAW,46330
NDSN,2716662
NE,8794740
NEA,351589
NEBU,603526
NEBUU,5474
NEBUW,325846
NEE,4132529
NEE$I,11221
NEE$J,11840
NEE$K,11284
NEE$N,26544
NEE$O,65532
NEM,14881495
NEO,5384644
NEOG,1729347
NEON,141147
NEOS,603099
NEP,564918
NEPH,72334
NEPT,2334241
NERV,3584414
NESR,1697500
NESRW,316720
NET,1900470
NETE,136697
NEU,97381
NEV,46843
NEW,499064
NEWA,73162
NEWR,2255615
NEWT,1568037
NEWTI,7248
NEWTL,14645
NEX,3231719
NEXA,169364
NEXT,260220
NFBK,1517750
NFC,39518
NFC.U,261
NFC.W,60101
NFE,618138
NFG,1283419
NFH,41652
NFH.W,44800
NFIN,150705
NFINU,12014
NFINW,184260
NFJ,285674
NFLX,35253785
NFTY,1082
NGG,1807195
NGHC,2015058
NGHCN,77523
NGHCO,60673
NGHCP,6868
NGHCZ,38083
NGL,1613168
NGL$B,37959
NGL$C,5271
NGLS$A,7974
NGM,4015003
NGS,76824
NGVC,139973
NGVT,472904
NH,943463
NHA,14387
NHF,252642
NHI,508919
NHLD,60081
NHLDW,48174
NHTC,275455
NI,7748501
NI$B,25795
NICE,1314885
NICK,74616
NID,17970
NIE,25867
NIHD,11333839
NIM,22137
NINE,322500
NIO,106780462
NIQ,25146
NIU,970499
NJR,1405336
NJV,4123
NK,6386439
NKE,13864854
NKG,11614
NKSH,96553
NKTR,14460079
NKX,61066
NL,18869
NLNK,8942003
NLOK,57554407
NLS,791165
NLSN,9500419
NLTX,5482143
NLY,20617193
NLY$D,19341
NLY$F,48492
NLY$G,20812
NLY$I,18763
NM,95037
NM$G,1113
NM$H,2351
NMCI,688902
NMCO,50720
NMFC,980621
NMFX,3031
NMI,13260
NMIH,4697100
NMK$B,0
NMK$C,0
NMM,197414
NMR,152697
NMRD,146983
NMRK,5170009
NMS,5147
NMT,5860
NMY,32758
NMZ,336566
NNA,253568
NNBR,2167655
NNDM,93227
NNI,217338
NNN,2370317
NNN$F,5230
NNY,15825
NOA,95320
NOAH,510937
NOC,2822765
NODK,92356
NOK,39966134
NOM,2242
NOMD,1441837
NOV,8349226
NOVA,236242
NOVN,314165
NOVT,1148510
NOW,4504242
NP,169882
NPA,51544
NPAUU,31239
NPAWW,58100
NPK,99293
NPN,669
NPO,255432
NPTN,1170293
NPV,16547
NQP,20539
NR,774000
NRBO,5853
NRC,309371
NRG,7395660
NRGX,734708
NRIM,118118
NRK,58819
NRP,48678
NRT,33909
NRUC,7928
NRZ,6042091
NRZ$A,8971
NRZ$B,66613
NS,1865901
NS$A,7709
NS$B,98545
NS$C,7048
NSA,783233
NSA$A,5009
NSC,5573089
NSCO,92539
NSCO.W,17212
NSEC,21786
NSIT,2154900
NSL,304209
NSP,1545783
NSS,9838
NSSC,697368
NSTG,1996917
NSYS,141885
NTAP,17120949
NTB,173123
NTCT,4116230
NTEC,2552239
NTES,4635841
NTG,1989015
NTGN,1289251
NTGR,2529837
NTIC,85138
NTLA,4840327
NTNX,19432580
NTP,33072
NTR,2852210
NTRA,6930216
NTRP,1164635
NTRS,8757223
NTRSO,957910
NTRSP,410127
NTUS,1463761
NTWK,165090
NTX,18366
NTZ,6698
NUAN,14297789
NUE,4472813
NUM,23291
NUO,16287
NURO,1231090
NUROW,1465
NUS,670691
NUV,206890
NUVA,2851042
NUW,42109
NVAX,5460274
NVCN,4657159
NVCR,5659483
NVDA,42927346
NVEC,186487
NVEE,1264016
NVFY,269139
NVG,210900
NVGS,133784
NVIV,6791289
NVMI,621641
NVO,3212499
NVR,60869
NVRO,800302
NVS,5475962
NVST,14482342
NVST.V,2644502
NVT,2150433
NVTA,2622579
NVUS,648368
NWBI,5620304
NWE,419718
NWFL,63521
NWGI,0
NWHM,75451
NWL,23127534
NWLI,125690
NWN,300944
NWPX,495706
NWS,5225292
NWSA,18583297
NX,616418
NXC,8923
NXGN,4243177
NXJ,49029
NXN,2889
NXP,21261
NXPI,17649195
NXQ,27017
NXR,12150
NXRT,387974
NXST,2967942
NXTC,3322006
NXTD,441114
NXTG,107259
NYCB,7563709
NYCB$A,17553
NYCB$U,1363
NYMT,22782756
NYMTM,306178
NYMTN,132289
NYMTO,42824
NYMTP,17837
NYMX,393179
NYT,2368364
NYV,4296
NZF,105559
O,4742792
OAC,25912
OAC.U,400
OAC.W,0
OAK$A,8562
OAK$B,9061
OAS,30069500
OBAS,3095
OBCI,16003
OBE,144095
OBLN,1038762
OBNK,392620
OBSV,8965636
OC,2603895
OCC,27493
OCCI,103987
OCCIP,4585
OCFC,2041237
OCFT,587802
OCGN,31841098
OCN,244958
OCSI,300165
OCSL,2418270
OCSLL,12529
OCUL,3799733
ODC,14428
ODFL,11285096
ODP,46638375
ODT,782675
OEC,588338
OESX,1098152
OFC,1439113
OFED,14002
OFG,436270
OFG$A,206
OFG$B,717
OFG$D,500
OFIX,1179640
OFLX,243012
OFS,287070
OFSSI,26752
OFSSL,17730
OFSSZ,16728
OGE,2570241
OGI,7523840
OGS,842860
OHAI,196899
OHI,4270155
OI,5202689
OIA,41499
OIBR.C,8448191
OII,2920769
OIIM,222292
OIS,1296901
OKE,4698136
OKTA,10620076
OLD,32124
OLED,3435557
OLLI,10888381
OLN,4475949
OLP,46802
OMAB,469136
OMC,3346706
OMCL,1750509
OMER,3351607
OMEX,86023
OMF,1128119
OMI,3500223
OMN,204532
OMP,282182
ON,22906595
ONB,10745070
ONCE,1993276
ONCS,523018
ONCT,137405
ONCY,7811056
ONDK,351648
ONE,226168
ONEQ,127200
ONTO,428805
ONTX,132705121
ONTXW,1572428
ONVO,3028136
OOMA,237712
OPB,1458614
OPBK,176819
OPES,1356
OPESU,0
OPESW,36758
OPGN,1746243
OPGNW,262
OPHC,2182
OPI,2504322
OPINI,312363
OPK,25913717
OPNT,80097
OPOF,36894
OPP,147072
OPP.R,56934
OPRA,1477035
OPRT,1482181
OPRX,773937
OPTN,2260911
OPTT,782408
OPY,53866
OR,1482509
ORA,307878
ORAN,1753080
ORBC,3361242
ORC,626643
ORCC,223195
ORCL,25534443
ORG,4695
ORGO,931116
ORGS,563914
ORI,3765059
ORLY,3720211
ORMP,1932877
ORN,167142
ORRF,179753
ORSN,1008
ORSNR,20100
ORSNU,8983
ORSNW,2502
ORTX,2188081
OSB,282477
OSBC,513467
OSBCP,18189
OSG,402469
OSIS,1039636
OSK,1473522
OSLE,824
OSMT,2378218
OSN,81687
OSPN,2317030
OSS,204748
OSTK,5115560
OSUR,3965560
OSW,3584157
OTEL,6199
OTEX,2661863
OTIC,1031267
OTLK,4841505
OTLKW,67902
OTTR,1155380
OTTW,15600
OUT,1938453
OVBC,59430
OVID,4203088
OVLY,85530
OXBR,34055
OXBRW,188042
OXFD,632306
OXLC,4111291
OXLCM,16906
OXLCO,14806
OXM,269238
OXSQ,2870286
OXSQL,10746
OXSQZ,21347
OXY,19194899
OYST,1136523
OZK,5722105
PAA,10458405
PAAC,142399
PAACR,154073
PAACU,24108
PAACW,218573
PAAS,15342711
PAC,213051
PACB,8435588
PACD,175993
PACK,209058
PACK.W,94051
PACQ,577659
PACQU,2413
PACQW,1681175
PACW,6030908
PAG,817147
PAGP,5419265
PAGS,9766989
PAHC,1286927
PAI,9110
PAM,1681466
PANL,240111
PANW,2823152
PAR,355382
PARR,458533
PATI,40900
PATK,1491113
PAVM,1875636
PAVMW,4107
PAVMZ,227521
PAYC,1282132
PAYS,3166510
PAYX,13754900
PB,1469383
PBA,1648400
PBB,7173
PBBI,38007
PBC,8070
PBCT,22018788
PBCTP,76769
PBF,4026714
PBFS,251299
PBFX,200312
PBH,684517
PBHC,22097
PBI,5920678
PBI$B,23973
PBIP,81329
PBPB,1544940
PBR,36430284
PBR.A,14655007
PBT,196416
PBTS,76472
PBY,3155
PBYI,12879008
PCAR,14088086
PCB,268947
PCF,48631
PCG,41662587
PCH,2845919
PCI,399405
PCK,19852
PCM,20372
PCN,68088
PCOM,162373
PCQ,42985
PCRX,4124174
PCSB,358867
PCTI,505454
PCTY,2757673
PCYG,197643
PCYO,232816
PD,3680245
PDBC,2842247
PDCE,9513187
PDCO,9670699
PDD,29892748
PDEV,1365
PDEX,76789
PDFS,1231810
PDI,131137
PDLB,85229
PDLI,9890353
PDM,1350372
PDP,254749
PDS,991358
PDSB,349175
PDT,29677
PE,14608608
PEAK,7679085
PEB,3009853
PEB$C,2482
PEB$D,1668
PEB$E,9658
PEB$F,4321
PEBK,43546
PEBO,547670
PECK,99367
PEG,7633938
PEGA,1645019
PEGI,5061135
PEI,2525715
PEI$B,7811
PEI$C,8057
PEI$D,13148
PEIX,2366987
PEN,994813
PENN,11052993
PEO,147866
PEP,35125174
PEP21A,0
PEP22A,0
PEP26,0
PEP27,0
PEP28,0
PEP31,0
PEP39,0
PER,198830
PERI,1199037
PESI,284167
PETQ,1869463
PETS,3195530
PETZ,90649
PEY,314694
PEZ,4339
PFBC,752558
PFBI,193242
PFD,31642
PFE,24434122
PFF,21617541
PFG,9229660
PFGC,1589295
PFH,2274
PFI,15641
PFIE,350624
PFIN,6249
PFIS,88032
PFL,81542
PFLT,886530
PFM,19031
PFMT,50340
PFN,141221
PFO,13348
PFPT,3807907
PFS,390820
PFSI,341727
PFSW,220412
PG,14827203
PGC,477952
PGJ,63945
PGNX,5759494
PGNY,6274008
PGP,45573
PGR,8290886
PGRE,3233748
PGTI,679462
PGZ,26520
PH,3202573
PHAS,3583066
PHAT,2193244
PHCF,61818
PHD,60157
PHG,1277423
PHI,192097
PHIO,4549062
PHIOW,4461
PHK,423607
PHM,9400337
PHO,174789
PHR,913470
PHT,98747
PHUN,1629437
PHUNW,23053
PHX,48663
PI,2857505
PIC,80276
PIC.U,53140
PIC.W,0
PICO,363426
PID,272771
PIE,104793
PIH,151315
PIHPP,6701
PII,2046637
PIM,75031
PINC,6631222
PINE,52436
PING,1169894
PINS,17867667
PIO,45854
PIR,223647
PIRS,3189446
PIXY,488919
PIY,13191
PIZ,34576
PJC,162458
PJH,20207
PJT,267638
PK,6221025
PKBK,177777
PKD,25318
PKE,122922
PKG,2185546
PKI,1360289
PKO,38057
PKOH,391922
PKW,132138
PKX,547449
PLAB,7229140
PLAN,5430251
PLAY,7037310
PLBC,54833
PLC,677
PLCE,10371139
PLD,7218760
PLIN,884907
PLL,23835
PLMR,1939077
PLNT,2558645
PLOW,148223
PLPC,75117
PLSE,317528
PLT,1955751
PLUG,55174870
PLUS,497601
PLW,51937
PLXP,122720
PLXS,1549893
PLYA,1456292
PM,7930834
PMBC,380285
PMD,106335
PME,106111
PMF,36410
PML,66265
PMM,78474
PMO,30395
PMOM,257
PMT,3343607
PMT$A,1910
PMT$B,3415
PMTS,296490
PMX,41420
PNBK,26029
PNC,6475124
PNC$P,51485
PNC$Q,15342
PNF,9498
PNFP,3263569
PNI,15782
PNM,911929
PNNT,4767915
PNNTG,47829
PNQI,86397
PNR,2059707
PNRG,20752
PNRL,2029903
PNTG,2086703
PNW,2280322
POAI,249615
PODD,4290396
POL,1173064
POLA,152326
POOL,1437723
POPE,16288
POR,1543511
POST,1237405
POTX,65545
POWI,1375109
POWL,987399
PPBI,3157460
PPC,5705869
PPG,2706776
PPH,152418
PPHI,700
PPIH,68323
PPL,11121446
PPR,697585
PPSI,33317
PPT,92573
PPX,14229
PQG,184710
PRA,450229
PRAA,2273382
PRAH,4745490
PRCP,83785
PRE$F,1350
PRE$G,3790
PRE$H,25353
PRE$I,7057
PRFT,2719245
PRFZ,137703
PRGO,2421524
PRGS,2229502
PRGX,260414
PRH,37034
PRI,440943
PRIF$A,901
PRIF$B,400
PRIF$C,1144
PRIF$D,1958
PRIF$E,800
PRIM,1340255
PRLB,340794
PRMW,1496307
PRN,9191
PRNB,2961729
PRO,613088
PROF,110183
PROS,253632
PROV,63990
PRPH,15046
PRPL,1873853
PRPO,1746677
PRQR,1978034
PRS,15558
PRSC,632683
PRSP,1368987
PRT,72916
PRTA,2035119
PRTH,194515
PRTK,7727228
PRTO,946600
PRTS,383924
PRTY,5154686
PRU,3982268
PRVB,4952622
PRVL,1101200
PS,8421453
PSA,2957527
PSA$A,27604
PSA$B,5655
PSA$C,4905
PSA$D,14510
PSA$E,11636
PSA$F,2707
PSA$G,2898
PSA$H,11430
PSA$I,28212
PSA$J,39812
PSA$K,32312
PSA$V,14837
PSA$W,18141
PSA$X,6721
PSB,168403
PSB$U,14514
PSB$V,3484
PSB$W,4505
PSB$X,4941
PSB$Y,3851
PSB$Z,77662
PSC,5700
PSCC,33075
PSCD,2594
PSCE,194347
PSCF,17721
PSCH,55674
PSCI,9780
PSCM,6874
PSCT,37786
PSCU,38696
PSDO,3044181
PSEC,9278898
PSET,18015
PSF,26132
PSL,46089
PSM,23
PSMT,1633637
PSN,422132
PSNL,3087708
PSO,457648
PSTG,6338544
PSTI,688085
PSTL,8487
PSTV,922839
PSTVZ,75990
PSV,65399
PSX,6328673
PSXP,1238306
PT,9313290
PTACU,155358
PTC,4704821
PTCT,4770895
PTE,1105926
PTEN,27544927
PTF,148893
PTGX,8712084
PTH,34756
PTI,42974949
PTLA,6559221
PTMN,721178
PTNR,25759
PTON,29488244
PTR,189511
PTSI,123919
PTVCA,44694
PTVCB,204608
PTY,190362
PUB,223114
PUI,147662
PUK,1204298
PUK$,11616
PUK$A,8020
PULM,658197
PUMP,3380259
PUYI,136459
PVAC,2028446
PVAL,722
PVBC,312581
PVG,2398922
PVH,2388782
PVL,60793
PVT,24710
PVT.U,250
PVT.W,57868
PVTL,867923
PWFL,612692
PWOD,81448
PWR,3155339
PXD,4477919
PXI,30996
PXLW,1535060
PXS,193283
PY,4612
PYN,10273
PYPL,47268741
PYS,2261
PYT,780
PYX,880757
PYZ,15337
PZC,19823
PZN,78173
PZZA,4157096
QABA,40849
QADA,545481
QADB,3416
QAT,94035
QBAK,18590
QCLN,72586
QCOM,62471522
QCRH,420116
QD,11352305
QDEL,1539203
QEP,11282716
QES,19391
QFIN,10083835
QGEN,9488259
QHC,644126
QIWI,3244354
QK,60205
QLYS,2788528
QNST,3043102
QQEW,121820
QQQ,96156067
QQQX,377619
QQXT,20178
QRHC,88195
QRTEA,31459791
QRTEB,26406
QRVO,11123110
QSR,3408548
QTEC,936566
QTNT,1580987
QTRH,405284
QTRX,983814
QTS,1065397
QTS$A,1106
QTS$B,4429
QTT,12338337
QTWO,871233
QUAD,967228
QUIK,2382278
QUMU,131556
QUOT,923296
QURE,4212064
QVCC,340752
QVCD,16043
QYLD,1157775
R,2372067
RA,229967
RACE,888411
RAD,22338346
RADA,834720
RAIL,1003845
RAMP,1083941
RAND,20522
RAPT,638619
RARE,4421383
RARX,3448676
RAVE,57096
RAVN,1364147
RBA,550382
RBB,394225
RBBN,3955014
RBC,536443
RBCAA,172545
RBCN,33198
RBKB,68058
RBNC,130590
RBS,3453173
RBZ,619663
RC,2033057
RCA,4123
RCB,129655
RCEL,2671844
RCI,765986
RCII,4905795
RCKT,3902988
RCKY,422081
RCL,4828688
RCM,7491371
RCMT,78034
RCON,296844
RCP,255
RCS,99882
RCUS,140386
RDCM,217706
RDFN,5026112
RDHL,1004527
RDI,387647
RDIB,14639
RDN,1862552
RDNT,2879898
RDS.A,7661700
RDS.B,5237566
RDUS,5340114
RDVT,503915
RDVY,503252
RDWR,1030594
RDY,425153
RE,561168
REAL,7482128
RECN,1231550
REDU,434887
REED,1404139
REFR,521890
REG,7851964
REGI,7948539
REGN,5784831
REKR,819025
RELL,187552
RELV,13362
RELX,649204
RENN,20449
REPH,2424870
REPL,1352706
RES,3866324
RESI,494182
RESN,716151
RETA,2332470
RETO,25969
REV,182135
REVG,696126
REX,125386
REXN,124065
REXR,1729182
REXR$A,551
REXR$B,9188
REXR$C,1717
REZI,9058700
RF,19419397
RF$A,18513
RF$B,19453
RF$C,17015
RFAP,2096
RFDI,29936
RFEM,40279
RFEU,3337
RFI,55215
RFIL,119774
RFL,50449
RFP,958017
RGA,686431
RGCO,95516
RGEN,4286219
RGLD,3642892
RGLS,1327183
RGNX,4280219
RGR,182736
RGS,688747
RGT,21003
RH,3696118
RHI,3014943
RHP,996269
RIBT,1436142
RICK,319104
RIG,39086268
RIGL,8190416
RILY,482660
RILYG,66220
RILYH,151540
RILYI,26987
RILYL,150169
RILYN,81820
RILYO,100661
RILYP,36054
RILYZ,113894
RING,487438
RIO,4561507
RIOT,1294825
RIV,42727
RIVE,82374
RJF,1609545
RKDA,1144654
RL,3109496
RLGY,5746436
RLH,344758
RLI,607931
RLJ,2716481
RLJ$A,24800
RLMD,1975810
RM,96683
RMAX,388112
RMBI,192231
RMBL,1059039
RMBS,4439860
RMCF,43227
RMD,1284141
RMED,185413
RMG,21559
RMG.U,200
RMG.W,10400
RMI,33187
RMM,118068
RMNI,351564
RMPL$,581
RMR,685474
RMT,124290
RMTI,2281745
RNDB,369592
RNDM,2302
RNDV,577
RNEM,3092
RNET,378385
RNG,2670109
RNGR,23916
RNLC,5864
RNMC,9444
RNP,68524
RNR,547256
RNR$C,808
RNR$E,10732
RNR$F,8587
RNSC,4123
RNST,2048123
RNWK,521186
ROAD,2599927
ROAN,222301
ROBT,37444
ROCK,1673602
ROG,270766
ROIC,9095529
ROK,2681725
ROKU,61402864
ROL,3264304
ROLL,648245
ROP,1299728
ROSE,445714
ROSEU,5314
ROSEW,195953
ROST,14943996
ROYT,2658665
RP,4298886
RPAI,7258417
RPAY,1603788
RPD,3573431
RPLA,50790
RPLA.U,34
RPLA.W,25500
RPM,1476098
RPT,1308179
RPT$D,627
RQI,273780
RRBI,519867
RRC,27211137
RRD,1074979
RRGB,1899671
RRR,2712646
RRTS,65678
RS,1263602
RSF,16530
RSG,2611209
RST,347020
RTH,15545
RTIX,1215821
RTLR,2179458
RTN,2473163
RTRX,3444982
RTTR,10972933
RTW,199413
RUBI,2254951
RUBY,3241704
RUHN,4260964
RUN,10492511
RUSHA,1263704
RUSHB,84427
RUTH,1530011
RVI,139993
RVLV,2204178
RVNC,5912236
RVSB,383327
RVT,321733
RWGE,23576
RWGE.U,1500
RWGE.W,33702
RWLK,317755
RWT,1636920
RXN,1390836
RY,1951806
RY$T,116
RYAAY,1910483
RYAM,1301705
RYB,16013
RYCE,18527
RYI,266048
RYN,1184071
RYTM,2434496
RZA,13860
RZB,10272
S,30430917
SA,533940
SAB,8377
SABR,9889011
SAEX,1210707
SAF,233
SAFE,752544
SAFM,2877351
SAFT,752604
SAGE,12650757
SAH,661065
SAIA,2201443
SAIC,735018
SAIL,1297156
SAL,19899
SALM,348244
SALT,445396
SAM,216864
SAMA,32434
SAMAU,2
SAMAW,2325
SAMG,183419
SAN,19470679
SAN$B,5752
SANM,3163342
SANW,133390
SAP,2488851
SAQNU,238211
SAR,71954
SASR,1295407
SATS,3333957
SAUC,1243948
SAVA,26235494
SAVE,2358239
SB,238877
SB$C,1473
SB$D,3633
SBAC,5132478
SBBP,2657965
SBBX,98203
SBCF,2229902
SBE,65764
SBE.U,53995
SBE.W,0
SBFG,32691
SBFGP,1789
SBGI,7943478
SBGL,16825913
SBH,2895799
SBI,62262
SBLK,4287243
SBLKZ,12506
SBNA,5326
SBNY,3394949
SBOW,102738
SBPH,2253616
SBR,32897
SBRA,14301490
SBS,5162945
SBSI,1010728
SBT,928856
SBUX,50465572
SC,2413384
SCA,1027
SCCO,2025312
SCD,57317
SCE$G,16256
SCE$H,3052
SCE$J,7441
SCE$K,5138
SCE$L,15256
SCHL,2025405
SCHN,1500660
SCHW,26135764
SCHW$C,24357
SCHW$D,39530
SCI,2192258
SCKT,88866
SCL,144605
SCM,138511
SCON,4808552
SCOR,5670501
SCPE,27290
SCPE.U,4100
SCPE.W,11000
SCPH,161388
SCPL,3240765
SCS,1869708
SCSC,1203421
SCU,277388
SCVL,1935515
SCWX,2039469
SCX,14265
SCYX,6762222
SCZ,5298969
SD,389669
SDC,22986239
SDG,16513
SDRL,3205586
SDVY,18958
SE,8761502
SEAC,3728702
SEAS,3355124
SECO,516503
SEDG,9161696
SEE,2170231
SEED,226485
SEEL,3112386
SEIC,5820337
SELB,3110405
SELF,92541
SEM,1107503
SEMG,2998220
SENEA,272836
SENEB,1425
SERV,3484669
SES,551521
SESN,6416930
SF,587341
SF$A,1895
SF$B,1545
SFB,7499
SFBC,9413
SFBS,1484642
SFE,128537
SFET,764748
SFIX,15156858
SFL,750775
SFM,10093120
SFNC,6788292
SFST,96801
SFTW,1402
SFTW.U,20738
SFTW.W,0
SFUN,627983
SG,22969
SGA,59345
SGBX,10787160
SGC,200334
SGEN,11027621
SGH,2506187
SGLB,506728
SGLBW,79717
SGMA,63707
SGMO,12928899
SGMS,3866881
SGOC,24731
SGRP,200239
SGRY,2625516
SGU,96538
SHAK,2831387
SHBI,111981
SHEN,2523084
SHG,139148
SHI,59693
SHIP,556827
SHIPW,1478065
SHIPZ,247669
SHLL,4942
SHLL.U,500
SHLL.W,41276
SHLO,403967
SHLX,1594631
SHO,5317175
SHO$E,2465
SHO$F,400
SHOO,5173951
SHOP,4356446
SHSP,621791
SHV,2173144
SHW,810803
SHY,3028627
SI,109347
SIBN,889772
SIC,1006752
SID,8604642
SIEB,68644
SIEN,2909313
SIFY,189985
SIG,6152232
SIGA,1949120
SIGI,2497558
SILC,68515
SILK,3124745
SIMO,1454992
SINA,3975894
SINO,345417
SINT,336626
SIRI,89555726
SITC,3232694
SITC$A,1400
SITC$K,9449
SITE,548629
SITM,361924
SITO,1107417
SIVB,3396526
SIVBP,1813131
SIX,2273008
SJI,1779006
SJIJ,35892
SJIU,8439
SJM,1958804
SJR,797657
SJT,246848
SJW,185570
SKM,626113
SKOR,5579
SKT,7041383
SKX,3570031
SKY,737721
SKYS,91941
SKYW,2632843
SKYY,779933
SLAB,2175533
SLB,24397633
SLCA,3853851
SLCT,229373
SLDB,10863182
SLF,922741
SLG,2906162
SLG$I,5164
SLGG,345436
SLGL,872591
SLGN,3442130
SLIM,11661
SLM,20843899
SLMBP,59177
SLNO,2010486
SLP,842042
SLQD,258065
SLRC,1113704
SLRX,574187
SLS,1371716
SLVO,29178
SM,9053970
SMAR,3892003
SMBC,133538
SMBK,363852
SMCP,2083
SMED,102325
SMFG,2567508
SMG,857168
SMH,10404727
SMHI,34074
SMIT,273351
SMLP,666390
SMM,181429
SMMC,293203
SMMCU,19403
SMMCW,6600
SMMF,135900
SMMT,195268
SMP,168512
SMPL,5447273
SMRT,424421
SMSI,2001589
SMTA,543859
SMTC,4578016
SMTX,461976
SNA,1388459
SNAP,41050716
SNBR,2574507
SNCA,265115
SNCR,2242412
SND,1271506
SNDE,39229
SNDL,6059366
SNDR,844790
SNDX,824054
SNE,1834062
SNES,418260
SNFCA,125056
SNGX,805929
SNGXW,37980
SNH,14472358
SNHNI,131795
SNHNL,84979
SNHVV,0
SNLN,170607
SNN,1699169
SNNA,21287639
SNOA,135282
SNOAW,338694
SNP,277164
SNPS,9707196
SNR,398915
SNSR,168896
SNSS,14597213
SNV,3465916
SNV$D,5000
SNV$E,25661
SNX,793884
SNY,12029743
SO,14030942
SOCL,46544
SOGO,2810576
SOHO,117967
SOHOB,7482
SOHON,20084
SOHOO,2511
SOHU,2091554
SOI,1001298
SOJA,18957
SOJB,28588
SOJC,10350
SOL,39895
SOLN,43019
SOLO,2084434
SOLOW,56594
SOLY,1024806
SON,1071786
SONA,408424
SONG,288437
SONGW,154089
SONM,1004818
SONO,10611858
SOR,32642
SORL,714856
SOXX,2038325
SP,771409
SPAQ,77511
SPAQ.U,0
SPAQ.W,10167
SPAR,1776552
SPB,1503611
SPCB,222401
SPCE,5735987
SPCE.U,8068
SPCE.W,366802
SPE,30031
SPE$B,1310
SPEX,173893
SPFI,828236
SPG,4903753
SPG$J,1063
SPGI,3507945
SPH,316540
SPHS,1757526
SPI,63768
SPKE,1062183
SPKEP,19507
SPLK,14818919
SPLP,14020
SPLP$A,7986
SPN,37324
SPNE,649253
SPNS,1030466
SPOK,654467
SPOT,2919547
SPPI,16067194
SPR,3294568
SPRO,523734
SPRT,1887276
SPSC,2019356
SPT,3122912
SPTN,2517332
SPWH,6491842
SPWR,17705366
SPXC,535764
SPXX,32483
SQ,10592071
SQBG,503351
SQLV,19519
SQM,2013169
SQNS,165053
SQQQ,49897769
SR,614227
SR$A,33696
SRAC,0
SRACU,359696
SRACW,0
SRAX,622659
SRC,3440363
SRC$A,4656
SRCE,416028
SRCL,4932182
SRDX,755033
SRE,3512717
SRE$A,6741
SRE$B,7455
SREA,69034
SRET,1552791
SREV,896318
SRF,21173
SRG,282924
SRG$A,1595
SRI,324054
SRL,14263
SRLP,63657
SRNE,31047121
SRPT,9641055
SRRA,16242992
SRRK,1410393
SRT,45711
SRTS,132753
SRTSW,13501
SRV,30217
SSB,1351976
SSBI,21657
SSD,731887
SSI,2707016
SSKN,162070
SSL,1017036
SSNC,8422699
SSNT,131021
SSP,2170944
SSPK,153544
SSPKU,1410
SSPKW,47882
SSRM,4946773
SSSS,414531
SSTI,779919
SSTK,336668
SSW,1766676
SSW$D,4766
SSW$E,414
SSW$G,5610
SSW$H,4403
SSW$I,3043
SSWA,1429
SSYS,3318706
ST,1918364
STAA,2181922
STAF,183148
STAG,1738818
STAG$C,279
STAR,1641230
STAR$D,1588
STAR$G,2467
STAR$I,1692
STAY,12597414
STBA,2638149
STC,286584
STCN,455404
STE,1776875
STFC,456640
STG,8314
STI,1420527
STI$A,3587
STIM,1393961
STK,23279
STKL,1052911
STKS,117001
STL,2574707
STL$A,3492
STLD,14792707
STM,5247813
STML,3596081
STMP,2878146
STN,94717
STND,29707
STNE,7787678
STNG,2646161
STOK,1391642
STON,97684
STOR,5952390
STRA,1332476
STRL,1168628
STRM,410496
STRO,379749
STRS,117888
STRT,61308
STSA,1232750
STT,6500748
STT$C,14714
STT$D,35980
STT$E,57542
STT$G,17387
STWD,2777877
STX,18690860
STXB,374810
STZ,2203619
STZ.B,4259
SU,5985116
SUI,1667659
SUM,2302416
SUMR,491491
SUN,422521
SUNS,166649
SUNW,1029724
SUP,271379
SUPN,5827934
SUPV,2426904
SURF,818622
SUSB,29642
SUSC,72748
SUSL,65315
SUZ,242848
SVA,0
SVBI,73291
SVC,6844225
SVMK,4486827
SVRA,15597059
SVVC,169208
SWAV,5524280
SWCH,1482549
SWI,987758
SWIR,1350532
SWJ,4539
SWK,3389845
SWKS,15384271
SWM,549276
SWN,51899730
SWP,10175
SWT,21193
SWTX,2545739
SWX,546340
SWZ,53700
SXC,2094578
SXI,102961
SXT,421052
SXTC,739410
SY,6226239
SYBT,448990
SYBX,4160102
SYF,11501956
SYF$A,105241
SYK,4314484
SYKE,2104608
SYNA,4804954
SYNC,325748
SYNH,3573351
SYNL,116346
SYPR,288807
SYRS,3725728
SYX,243411
SYY,4151042
SZC,83875
T,41026146
T$A,324437
TA,849047
TAC,219038
TACO,2802011
TACOW,97446
TACT,82422
TAIT,174142
TAK,1380792
TAL,4988071
TALO,761930
TANH,3609018
TANNI,46490
TANNL,61194
TANNZ,45900
TAOP,781817
TAP,3982264
TAP.A,277
TARO,238375
TAST,2326960
TATT,18289
TAYD,76741
TBB,40137
TBBK,2601194
TBC,45894
TBI,303239
TBIO,2731983
TBK,1742302
TBLT,4828076
TBLTW,437183
TBNK,105983
TBPH,2132893
TC,274149
TCBI,5318427
TCBIL,21319
TCBIP,30995
TCBK,597969
TCCO,11495539
TCDA,2413710
TCF,9937424
TCFC,78939
TCFCP,48406
TCI,1439
TCMD,1283021
TCO,2109063
TCO$J,1891
TCO$K,3281
TCOM,20163839
TCON,1458550
TCP,565410
TCPC,2350616
TCRD,1621903
TCRR,875378
TCRW,3750
TCRZ,1912
TCS,244684
TCX,305587
TD,2289348
TDA,6728
TDAC,8001
TDACU,1100
TDACW,650762
TDC,2671544
TDE,3873
TDF,74983
TDG,850948
TDI,1473
TDIV,106015
TDJ,8003
TDOC,2565922
TDS,1944554
TDW,407976
TDW.A,1633
TDW.B,642
TDY,772770
TEAF,210917
TEAM,8275291
TECD,5595874
TECH,1186077
TECK,7937132
TECTP,13024
TEDU,1486927
TEF,4568759
TEI,363600
TEL,2837878
TELA,473962
TELL,7151486
TEN,2431139
TENB,5533181
TENX,139433
TEO,485421
TER,12948316
TERP,7010942
TESS,374168
TEUM,11233959
TEVA,24508015
TEX,1701600
TFC,8404271
TFC$F,10053
TFC$G,24822
TFC$H,17266
TFC$I,32948
TFFP,377332
TFSL,1889115
TFX,652052
TG,178107
TGA,1016834
TGE,10980859
TGEN,195728
TGH,630892
TGI,1141720
TGLS,232780
TGNA,3247177
TGP,295377
TGP$A,2856
TGP$B,7644
TGS,1873595
TGT,7783616
TGTX,14493100
TH,1259049
THBR,134456
THBRU,53924
THBRW,191967
THC,2013412
THCA,67547
THCAU,3207
THCAW,105165
THCB,451951
THCBU,18124
THCBW,79400
THFF,288975
THG,797502
THGA,4359
THMO,238373
THO,2843648
THOR,3949420
THQ,129297
THR,218830
THRM,1345301
THS,1314012
THTX,952526
THW,95587
THWWW,197866
TIBR,253166
TIBRU,100
TIBRW,74492
TIF,5961944
TIGO,711048
TIGR,2525407
TILE,2929020
TIPT,248222
TISI,170570
TITN,1270943
TIVO,10197497
TJX,9962416
TK,1205708
TKC,636589
TKKS,268914
TKKSR,1188283
TKKSU,3548
TKKSW,157298
TKR,1937028
TLC,52636
TLF,82669
TLGT,1259150
TLI,52256
TLK,385655
TLND,1035217
TLRA,1551622
TLRD,5749669
TLRY,8136806
TLSA,30021
TLT,51382139
TLYS,556261
TM,274161
TMDI,1960237
TMDX,2335945
TME,13969284
TMHC,3727604
TMO,3108050
TMSR,121096
TMST,458565
TMUS,22747893
TNAV,1612421
TNC,170120
TNDM,9353969
TNET,812548
TNK,1698402
TNP,807075
TNP$C,300
TNP$D,8204
TNP$E,4265
TNP$F,41504
TNXP,9446829
TOCA,3647222
TOL,5292631
TOO,1198756
TOO$A,9424
TOO$B,5393
TOO$E,10574
TOPS,1696918
TORC,5398712
TOT,4857536
TOTA,15521
TOTAR,68136
TOTAU,0
TOTAW,8200
TOUR,398335
TOWN,1224374
TPB,324071
TPC,1067916
TPCO,963410
TPH,3354393
TPIC,3191018
TPL,35528
TPR,10176993
TPRE,755388
TPTX,6715949
TPVG,221415
TPVY,2911
TPX,1494378
TPZ,65390
TQQQ,55734069
TR,164454
TRC,110284
TRCB,127086
TRCH,527134
TREC,65008
TREE,1020449
TREX,1013202
TRGP,5998350
TRHC,2617152
TRI,810895
TRIB,221629
TRIL,6454020
TRIP,30447852
TRMB,8746738
TRMD,1847
TRMK,2067456
TRMT,232012
TRN,2907700
TRNE,28058
TRNE.U,41717
TRNE.W,8300
TRNO,748895
TRNS,132744
TRNX,7790585
TROV,566185
TROW,7839287
TROX,1809130
TRP,2827144
TRPX,368694
TRQ,4189198
TRS,1396962
TRST,2941664
TRTN,414981
TRTN$A,3710
TRTN$B,12297
TRTN$C,28724
TRTX,512063
TRU,1868386
TRUP,1842444
TRV,3366292
TRVG,1693888
TRVI,53261
TRVN,2458555
TRWH,507211
TS,7251194
TSBK,81644
TSC,598412
TSCAP,8242
TSCBP,26162
TSCO,8999227
TSE,731399
TSEM,2287993
TSG,5343402
TSI,225157
TSLA,53630457
TSLF,35208
TSLX,262961
TSM,15419221
TSN,4798178
TSQ,62581
TSRI,12775
TSU,2303254
TTC,1460440
TTD,9159630
TTEC,3981413
TTEK,2465552
TTGT,1594853
TTI,1189861
TTM,3008068
TTMI,6283045
TTNP,25316499
TTOO,2589116
TTP,100677
TTPH,902692
TTTN,9768
TTWO,9195013
TU,836658
TUES,344818
TUFN,1467463
TUP,3111978
TUR,1929026
TURN,130905
TUSA,474
TUSK,2131922
TV,4276044
TVC,7059
TVE,2892
TVIX,31025681
TVTY,5015835
TW,2968666
TWI,606683
TWIN,338308
TWLO,5746152
TWMC,180350
TWN,50613
TWNK,5994808
TWNKW,690544
TWO,3711155
TWO$A,1169
TWO$B,14490
TWO$C,8967
TWO$D,2081
TWO$E,26299
TWOU,9535161
TWST,2720996
TWTR,29212559
TX,638963
TXG,2112365
TXMD,18812752
TXN,33504924
TXRH,5173123
TXT,4146220
TY,28093
TY$,300
TYG,575850
TYHT,4627187
TYL,690106
TYME,1931632
TZAC,26678
TZACU,100
TZACW,3801
TZOO,274197
UA,4597066
UAA,7317050
UAE,87225
UAL,18028446
UAN,154218
UBA,139572
UBCP,30305
UBER,56060321
UBFO,218235
UBIO,165518
UBOH,14037
UBP,775
UBP$H,3070
UBP$K,8489
UBS,5922622
UBSI,3996142
UBX,1863293
UCBI,4001715
UCFC,967951
UCTT,4583054
UDR,4016306
UE,1458353
UEIC,667837
UEPS,1571967
UFCS,719790
UFI,116611
UFO,42112
UFPI,3806169
UFPT,242056
UFS,1341054
UG,21817
UGI,3241751
UGLD,293400
UGP,2579760
UHAL,337827
UHS,1574996
UHT,73993
UI,628138
UIHC,904406
UIS,847240
UL,3988537
ULBI,98235
ULH,525777
ULTA,10302797
UMBF,1705100
UMC,1213102
UMH,249849
UMH$B,2449
UMH$C,6017
UMH$D,41360
UMPQ,11820692
UMRX,1583026
UN,3796863
UNAM,18350
UNB,46581
UNF,136179
UNFI,3345480
UNH,6265430
UNIT,29833543
UNM,5278903
UNMA,10677
UNP,7322645
UNT,1485531
UNTY,94775
UNVR,3285012
UONE,3053
UONEK,72653
UPLD,1401052
UPS,6994891
UPWK,9041096
URBN,13097393
URGN,1301015
URI,3377491
UROV,339235
USA,673868
USAC,448537
USAK,325473
USAP,113950
USAU,219963
USB,20168514
USB$A,332
USB$H,44663
USB$M,51576
USB$O,25761
USB$P,32114
USCR,1881631
USDP,67427
USEG,152095
USFD,2446861
USIG,865553
USIO,81217
USLB,15506
USLM,76384
USLV,1302786
USM,398294
USMC,66475
USNA,187541
USOI,25227
USPH,272120
USWS,551205
USWSW,272057
USX,280442
UTF,430720
UTHR,3803495
UTI,549050
UTL,144589
UTMD,105207
UTSI,60021
UTX,6790808
UVE,433677
UVSP,566744
UVV,237890
UXIN,7940969
UZA,8856
UZB,2625
UZC,5594
V,11059545
VAC,585499
VAL,12486858
VALE,45116544
VALU,73855
VALX,15182
VAM,6171
VAPO,226108
VAR,1837215
VBF,30343
VBFC,3112
VBIV,24737307
VBLT,386778
VBTX,3931213
VC,2594000
VCEL,3015401
VCIF,104097
VCIT,4376043
VCLT,894515
VCNX,53632
VCRA,698376
VCSH,5619567
VCTR,886651
VCV,68117
VCYT,3937039
VEC,249462
VECO,2357410
VEDL,1334950
VEEV,3584967
VEON,27829851
VER,17752470
VER$F,16990
VERB,888950
VERBW,102267
VERI,1859229
VERO,966272
VERU,1980433
VERY,19910
VET,1568535
VETS,1632
VFC,5822866
VFF,2753413
VG,6915479
VGI,61404
VGIT,562885
VGLT,608516
VGM,83589
VGR,2923923
VGSH,986701
VHI,143581
VIA,318265
VIAB,25287778
VIAC,38523481
VIACA,324684
VIAV,11941548
VICI,4495842
VICR,1583758
VIE,1138080
VIGI,354855
VIIX,163788
VIOT,1096146
VIPS,10355909
VIR,1332624
VIRC,60986
VIRT,6226611
VISL,2895797
VIST,506327
VIV,3587259
VIVE,6505510
VIVO,3394803
VJET,49172
VKQ,120447
VKTX,7986885
VKTXW,55560
VLGEA,342016
VLO,7260031
VLRS,452548
VLRX,1756051
VLT,85236
VLY,25069582
VLYPO,37799
VLYPP,60111
VMBS,907459
VMC,2496394
VMD,111992
VMI,222589
VMO,82867
VMW,3373236
VNCE,288315
VNDA,5097099
VNE,925926
VNET,2399334
VNO,3296146
VNO$K,68531
VNO$L,9234
VNO$M,1775
VNOM,1684154
VNQI,1064390
VNTR,549426
VOC,43142
VOD,13567601
VOD22,0
VOD23,0
VOD24,0
VOD24A,0
VOD25,0
VOD28,0
VOD32,0
VOD37,0
VOD38,0
VOD43,0
VOD48,0
VOD49,0
VOD50,0
VOD59,0
VOD79,0
VONE,173208
VONG,278759
VONV,243828
VOXX,221301
VOYA,3788078
VOYA$B,20696
VPG,99976
VPV,20881
VRA,2791507
VRAY,20844837
VRCA,778957
VREX,2049907
VRIG,170717
VRML,667325
VRNA,1595424
VRNS,2036221
VRNT,5064027
VRRM,9292297
VRS,554410
VRSK,7274812
VRSN,5536482
VRTS,470318
VRTSP,11133
VRTU,1597980
VRTV,286450
VRTX,10188472
VSAT,2487826
VSDA,59903
VSEC,155499
VSH,1702462
VSI,772346
VSLR,1407125
VSMV,5380
VST,14663023
VST.A,245
VSTM,7452056
VSTO,897087
VTA,498782
VTC,101844
VTGN,5347883
VTHR,49332
VTIP,1247136
VTIQ,89759
VTIQU,755
VTIQW,20692
VTN,28309
VTNR,354926
VTR,5948668
VTSI,141462
VTVT,790513
VTWG,85948
VTWO,928767
VTWV,35290
VUZI,743876
VVI,200306
VVPR,80687
VVR,1649958
VVUS,142597
VVV,2123594
VWOB,393927
VXRT,1015656
VXUS,4907918
VYGR,3361597
VYMI,307101
VZ,18344327
W,6261904
WAAS,528904
WAB,4012109
WABC,1195903
WAFD,3292121
WAFU,124924
WAIR,845036
WAL,1338765
WALA,2669
WASH,424252
WAT,1921907
WATT,2353243
WB,10058842
WBA,34756605
WBA20,0
WBA25,0
WBA26,0
WBAI,75356
WBC,496898
WBK,956378
WBND,38726
WBS,985721
WBS$F,7478
WBT,2385640
WCC,2145508
WCG,895273
WCLD,24065
WCN,1441046
WD,303408
WDAY,15351740
WDC,34405714
WDFC,638751
WDR,1278828
WEA,29137
WEBK,195460
WEC,3201658
WEI,56734
WELL,5754963
WEN,14842373
WERN,3334790
WES,3888663
WETF,6689167
WEX,510696
WEYS,81417
WF,94967
WFC,34370103
WFC$L,3612
WFC$N,36952
WFC$O,18476
WFC$P,32872
WFC$Q,60428
WFC$R,38698
WFC$T,28106
WFC$V,40184
WFC$W,23174
WFC$X,41629
WFC$Y,39777
WFE$A,559
WGO,2190089
WH,1488185
WHD,694494
WHF,1215405
WHFBZ,13689
WHG,102268
WHLM,8037
WHLR,106097
WHLRD,44284
WHLRP,52062
WHR,2643554
WIA,38524
WIFI,3740766
WILC,23381
WINA,119834
WINC,301
WING,3001331
WINS,5814
WIRE,919173
WISA,321618
WIT,2224697
WIW,96364
WIX,3149377
WK,462479
WKEY,15550
WKHS,6419902
WLDN,494574
WLFC,59186
WLH,1057788
WLK,1446858
WLKP,228849
WLL,17476533
WLTW,4345454
WM,3748234
WMB,23090109
WMC,469374
WMGI,16372064
WMK,90281
WMS,772657
WMT,9911542
WNC,838921
WNEB,242797
WNS,321110
WOOD,71247
WOR,642262
WORK,22340206
WORX,254323
WOW,493842
WPC,1940230
WPG,7759809
WPG$H,6547
WPG$I,21412
WPM,5303959
WPP,498167
WPRT,1375357
WPX,19825350
WRB,3445016
WRB$B,10545
WRB$C,503
WRB$D,9987
WRB$E,10706
WRB$F,143886
WRE,782395
WRI,2320233
WRK,4395680
WRLD,919379
WRLS,2386
WRLSR,50412
WRLSU,250
WRLSW,114100
WRTC,1947895
WSBC,2001473
WSBF,618633
WSC,2639097
WSFS,2058216
WSG,1516268
WSM,2608650
WSO,427594
WSO.B,0
WSR,293898
WST,1109690
WSTG,42133
WSTL,117021
WTBA,182985
WTER,1313059
WTFC,3409217
WTFCM,32488
WTI,3849503
WTM,15040
WTR,2772879
WTRE,1363993
WTREP,49954
WTRH,6252222
WTRU,67415
WTS,278529
WTTR,538221
WU,10970937
WUBA,1968767
WVE,8215200
WVFC,3860
WVVI,37273
WVVIP,6428
WW,10014621
WWD,3282686
WWE,2460599
WWR,402443
WWW,1062883
WY,7532982
WYND,1091869
WYNN,13424322
X,26560123
XAIR,1065649
XAN,274729
XAN$C,3219
XBIO,2089782
XBIOW,1129
XBIT,4350786
XCUR,2549133
XEC,5233911
XEL,23737401
XELA,2457550
XELB,163710
XENE,1219184
XENT,2181507
XERS,1605093
XFLT,139429
XFOR,918832
XGN,928117
XHR,1141212
XIN,182018
XLNX,23116057
XLRN,2485205
XNCR,3593313
XNET,6620799
XOG,22338879
XOM,25101500
XOMA,630263
XON,8680309
XONE,235775
XP,24124136
XPEL,594714
XPER,5899770
XPO,1708295
XRAY,11257482
XRF,2257319
XRX,5338079
XSPA,522812
XT,215939
XTLB,15791
XYF,159690
XYL,2288105
Y,128410
YAYO,5922813
YELP,1283146
YETI,3478688
YEXT,3404764
YGYI,343397
YGYIP,38139
YI,537152
YIN,405672
YJ,3753283
YLCO,78697
YLDE,2851
YMAB,2979427
YNDX,11115943
YORW,328929
YPF,4993818
YRCW,5977234
YRD,386302
YTEN,22007549
YTRA,578600
YUM,4715731
YUMC,4086921
YVR,634582
YY,6148393
Z,18311057
ZAGG,2602519
ZAYO,4768603
ZB$A,5046
ZB$G,5211
ZB$H,3398
ZBH,2451789
ZBIO,103526
ZBK,1998
ZBRA,9067499
ZEAL,65942
ZEN,3313114
ZEUS,685934
ZFGN,6399430
ZG,3536405
ZGNX,3709892
ZION,13410737
ZIONW,61404
ZIOP,11681521
ZIV,153482
ZIXI,3676237
ZKIN,80527
ZLAB,1311022
ZM,18698000
ZN,11516358
ZNGA,55673651
ZNH,14270
ZNWAA,0
ZS,16296388
ZSAN,2213203
ZTO,5105290
ZTR,94230
ZTS,4508836
ZUMZ,5313272
ZUO,2643915
ZVO,478502
ZYME,752293
ZYNE,3246464
ZYXI,1818440
